[Licensing::Module] Trying to connect to existing licensing client channel...
Built from '6000.3/staging' branch; Version is '6000.3.15f1 (c1aa84e375f6) revision 12692100'; Using compiler version '194234433'; Build Type 'Release'
OS: 'Windows 10  (10.0.19045) 64bit Professional' Language: 'en' Physical Memory: 15787 MB
[Licensing::IpcConnector] Successfully connected to: "LicenseClient-Asus" at "2026-05-28T12:55:58.3095554Z"
BatchMode: 1, IsHumanControllingUs: 0, StartBugReporterOnCrash: 0, Is64bit: 1
System  architecture: x64
Process architecture: x64
Date: 2026-05-28T12:55:58Z

COMMAND LINE ARGUMENTS:
C:\Program Files\Unity\Hub\Editor\6000.3.15f1\Editor\Unity.exe
-adb2
-batchMode
-noUpm
-name
AssetImportWorker2
-projectPath
D:/Project_PRU/WorkShop_1
-logFile
Logs/AssetImportWorker2.log
-srvPort
51412
-licensingIpc
LicenseClient-Asus
-job-worker-count
7
-background-job-worker-count
8
-gc-helper-count
1
-name
AssetImport
Successfully changed project path to: D:/Project_PRU/WorkShop_1
D:/Project_PRU/WorkShop_1
[UnityMemory] Configuration Parameters - Can be set up in boot.config
    "memorysetup-temp-allocator-size-nav-mesh-worker=65536"
    "memorysetup-temp-allocator-size-audio-worker=65536"
    "memorysetup-temp-allocator-size-gfx=262144"
    "memorysetup-allocator-temp-initial-block-size-main=262144"
    "memorysetup-allocator-temp-initial-block-size-worker=262144"
    "memorysetup-temp-allocator-size-background-worker=32768"
    "memorysetup-temp-allocator-size-job-worker=262144"
    "memorysetup-temp-allocator-size-preload-manager=33554432"
    "memorysetup-temp-allocator-size-gi-baking-worker=262144"
    "memorysetup-temp-allocator-size-gi-baking-worker=262144"
    "memorysetup-temp-allocator-size-gi-baking-worker=262144"
    "memorysetup-temp-allocator-size-gi-baking-worker=262144"
    "memorysetup-temp-allocator-size-gi-baking-worker=262144"
    "memorysetup-bucket-allocator-granularity=16"
    "memorysetup-bucket-allocator-bucket-count=8"
    "memorysetup-bucket-allocator-block-size=33554432"
    "memorysetup-bucket-allocator-block-count=8"
    "memorysetup-main-allocator-block-size=16777216"
    "memorysetup-thread-allocator-block-size=16777216"
    "memorysetup-gfx-main-allocator-block-size=16777216"
    "memorysetup-gfx-thread-allocator-block-size=16777216"
    "memorysetup-cache-allocator-block-size=4194304"
    "memorysetup-typetree-allocator-block-size=2097152"
    "memorysetup-profiler-bucket-allocator-granularity=16"
    "memorysetup-profiler-bucket-allocator-bucket-count=8"
    "memorysetup-profiler-bucket-allocator-block-size=33554432"
    "memorysetup-profiler-bucket-allocator-block-count=8"
    "memorysetup-profiler-allocator-block-size=16777216"
    "memorysetup-profiler-editor-allocator-block-size=1048576"
    "memorysetup-temp-allocator-size-main=16777216"
    "memorysetup-job-temp-allocator-block-size=2097152"
    "memorysetup-job-temp-allocator-block-size-background=1048576"
    "memorysetup-job-temp-allocator-reduction-small-platforms=262144"
    "memorysetup-temp-allocator-size-cloud-worker=32768"
Player connection [13716]  Target information:

Player connection [13716]  * "[IP] 192.168.1.29 [Port] 0 [Flags] 2 [Guid] 984219654 [EditorId] 984219654 [Version] 1048832 [Id] WindowsEditor(7,DESKTOP-NQKCPI7) [Debug] 1 [PackageName] WindowsEditor [ProjectName] Editor" 

Player connection [13716] Host joined multi-casting on [225.0.0.222:54997]...
Player connection [13716] Host joined alternative multi-casting on [225.0.0.222:34997]...
JobSystem: Creating JobQueue using job-worker-count value 7
Input System module state changed to: Initialized.
[Physics::Module] Initialized fallback backend.
[Physics::Module] Id: 0xdecafbad
Library Redirect Path: Library/
[Physics::Module] Selected backend.
[Physics::Module] Name: PhysX
[Physics::Module] Id: 0xf2b8ea05
[Physics::Module] SDK Version: 4.1.2
[Physics::Module] Integration Version: 1.0.0
[Physics::Module] Threading Mode: Multi-Threaded
Refreshing native plugins compatible for Editor in 2.97 ms, found 4 plugins.
Preloading 0 native plugins for Editor in 0.00 ms.
Initialize engine version: 6000.3.15f1 (c1aa84e375f6)
[Subsystems] Discovering subsystems at path C:/Program Files/Unity/Hub/Editor/6000.3.15f1/Editor/Data/Resources/UnitySubsystems
[Subsystems] Discovering subsystems at path D:/Project_PRU/WorkShop_1/Assets
GfxDevice: creating device client; kGfxThreadingModeNonThreaded
Direct3D:
    Version:  Direct3D 11.0 [level 11.1]
    Renderer: NVIDIA GeForce GTX 1650 Ti (ID=0x1f95)
    Vendor:   NVIDIA
    VRAM:     3962 MB
    Driver:   31.0.15.1640
Initialize mono
Mono path[0] = 'C:/Program Files/Unity/Hub/Editor/6000.3.15f1/Editor/Data/Managed'
Mono path[1] = 'C:/Program Files/Unity/Hub/Editor/6000.3.15f1/Editor/Data/MonoBleedingEdge/lib/mono/unityjit-win32'
Mono config path = 'C:/Program Files/Unity/Hub/Editor/6000.3.15f1/Editor/Data/MonoBleedingEdge/etc'
Using monoOptions --debugger-agent=transport=dt_socket,embedding=1,server=y,suspend=n,address=127.0.0.1:56884
Begin MonoManager ReloadAssembly
Registering precompiled unity dll's ...
Register platform support module: C:/Program Files/Unity/Hub/Editor/6000.3.15f1/Editor/Data/PlaybackEngines/WindowsStandaloneSupport/UnityEditor.WindowsStandalone.Extensions.dll
Registered in 0.002331 seconds.
- Loaded All Assemblies, in  0.429 seconds
[Licensing::Client] Error: HandshakeResponse reported an error:
	ResponseCode: 505
	ResponseStatus: Unsupported protocol version '1.18.1'.
[Licensing::Module] Error: Failed to handshake to channel: "LicenseClient-Asus"
[Licensing::IpcConnector] LicenseClient-Asus channel disconnected successfully.
[Licensing::IpcConnector] Successfully connected to: "LicenseClient-Asus-6000.3.15" at "2026-05-28T12:55:59.1933681Z"
[Licensing::Client] Code 10 while verifying Licensing Client signature (process Id: 8372, path: "C:/Program Files/Unity/Hub/Editor/6000.3.15f1/Editor/Data/Resources/Licensing/Client/Unity.Licensing.Client.exe")
[Licensing::Module] LicensingClient has failed validation; ignoring
[Licensing::Client] Handshaking with LicensingClient:
  Version:                 1.18.1+9fbee8e
  Session Id:              ba3276db87b34c75b3d22d4e6f2d08fb
  Correlation Id:          2d59803bcef2268961616a87b4687e8f
  External correlation Id: 8314650994414799224
  Machine Id:              8/QuHIB+HqfGdV4WEai9wo2Y8ic=
[Licensing::Module] Successfully connected to LicensingClient on channel: "LicenseClient-Asus-6000.3.15" (connect: 0.00s, validation: 0.00s, handshake: 0.00s)
[Licensing::IpcConnector] Successfully connected to: "LicenseClient-Asus-6000.3.15-notifications" at "2026-05-28T12:55:59.1996856Z"
[Licensing::Module] Licensing Background thread has ended after 0.89s
Native extension for WindowsStandalone target not found
Package Manager log level set to [2]
[Package Manager] Failed to launch server process. Reason: Unity was launched with the -noUpm command-line argument
[Package Manager] Unable to send message (not connected to server process).
[Package Manager] Cannot connect to Unity Package Manager local server
ScheduleIndexationOnStartup MainProcess:False IndexOnStartup:True
Mono: successfully reloaded assembly
- Finished resetting the current domain, in  0.404 seconds
Domain Reload Profiling: 831ms
	BeginReloadAssembly (134ms)
		ExecutionOrderSort (0ms)
		DisableScriptedObjects (0ms)
		BackupInstance (0ms)
		ReleaseScriptingObjects (0ms)
		CreateAndSetChildDomain (1ms)
	RebuildCommonClasses (42ms)
	RebuildNativeTypeToScriptingClass (16ms)
	initialDomainReloadingComplete (49ms)
	LoadAllAssembliesAndSetupDomain (185ms)
		LoadAssemblies (131ms)
		RebuildTransferFunctionScriptingTraits (0ms)
		AnalyzeDomain (182ms)
			TypeCache.Refresh (181ms)
				TypeCache.ScanAssembly (167ms)
			BuildScriptInfoCaches (0ms)
			ResolveRequiredComponents (1ms)
	FinalizeReload (404ms)
		ReleaseScriptCaches (0ms)
		RebuildScriptCaches (0ms)
		SetupLoadedEditorAssemblies (364ms)
			LogAssemblyErrors (0ms)
			InitializePlatformSupportModulesInManaged (51ms)
			SetLoadedEditorAssemblies (4ms)
			BeforeProcessingInitializeOnLoad (93ms)
			ProcessInitializeOnLoadAttributes (142ms)
			ProcessInitializeOnLoadMethodAttributes (75ms)
			AfterProcessingInitializeOnLoad (0ms)
			EditorAssembliesLoaded (0ms)
		ExecutionOrderSort2 (0ms)
		AwakeInstancesAfterBackupRestoration (0ms)
========================================================================
Worker process is ready to serve import requests
Import Worker Mode flag is 0x00
Begin MonoManager ReloadAssembly
[Licensing::Client] Successfully resolved entitlement details
[Licensing::Module] License group:
  Id: 18968429949123-UnityPersXXXX
  Product: Unity Personal
  Type: Assigned
  Expiration: Unlimited
- Loaded All Assemblies, in  0.804 seconds
Refreshing native plugins compatible for Editor in 1.17 ms, found 4 plugins.
Native extension for WindowsStandalone target not found
[Package Manager] Failed to launch server process. Reason: Unity was launched with the -noUpm command-line argument
[Package Manager] Unable to send message (not connected to server process).
[Package Manager] Cannot connect to Unity Package Manager local server
Refreshing native plugins compatible for Editor in 1.19 ms, found 4 plugins.
[Package Manager] Failed to launch server process. Reason: Unity was launched with the -noUpm command-line argument
[Package Manager] Unable to send message (not connected to server process).
[Package Manager] Cannot connect to Unity Package Manager local server
ScheduleIndexationOnStartup MainProcess:False IndexOnStartup:True
Mono: successfully reloaded assembly
- Finished resetting the current domain, in  0.750 seconds
Domain Reload Profiling: 1552ms
	BeginReloadAssembly (193ms)
		ExecutionOrderSort (0ms)
		DisableScriptedObjects (7ms)
		BackupInstance (0ms)
		ReleaseScriptingObjects (0ms)
		CreateAndSetChildDomain (31ms)
	RebuildCommonClasses (40ms)
	RebuildNativeTypeToScriptingClass (14ms)
	initialDomainReloadingComplete (39ms)
	LoadAllAssembliesAndSetupDomain (514ms)
		LoadAssemblies (347ms)
		RebuildTransferFunctionScriptingTraits (0ms)
		AnalyzeDomain (269ms)
			TypeCache.Refresh (192ms)
				TypeCache.ScanAssembly (178ms)
			BuildScriptInfoCaches (63ms)
			ResolveRequiredComponents (10ms)
	FinalizeReload (751ms)
		ReleaseScriptCaches (0ms)
		RebuildScriptCaches (0ms)
		SetupLoadedEditorAssemblies (549ms)
			LogAssemblyErrors (0ms)
			InitializePlatformSupportModulesInManaged (2ms)
			SetLoadedEditorAssemblies (4ms)
			BeforeProcessingInitializeOnLoad (136ms)
			ProcessInitializeOnLoadAttributes (338ms)
			ProcessInitializeOnLoadMethodAttributes (64ms)
			AfterProcessingInitializeOnLoad (5ms)
			EditorAssembliesLoaded (0ms)
		ExecutionOrderSort2 (0ms)
		AwakeInstancesAfterBackupRestoration (6ms)
Launched and connected shader compiler UnityShaderCompiler.exe after 0.01 seconds
Refreshing native plugins compatible for Editor in 1.16 ms, found 4 plugins.
Preloading 0 native plugins for Editor in 0.00 ms.
Unloading 16 Unused Serialized files (Serialized files now loaded: 0)
Unloading 6449 unused Assets / (4.4 MB). Loaded Objects now: 7248.
Memory consumption went from 155.3 MB to 150.9 MB.
Total: 9.947900 ms (FindLiveObjects: 0.881700 ms CreateObjectMapping: 0.567600 ms MarkObjects: 5.871400 ms  DeleteObjects: 2.625700 ms)

========================================================================
Received Import Request.
  Time since last request: 30216.989632 seconds.
  path: Assets/BrokenVector/LowPolyRoadPack/Models/Road Jump.dae
  artifactKey: Guid(0f18aa325d40e124db7ca43efb3adacf) Importer(2089858483,b0f066a214c2f5e87bad3c948f4d605d)
Start importing Assets/BrokenVector/LowPolyRoadPack/Models/Road Jump.dae using Guid(0f18aa325d40e124db7ca43efb3adacf) Importer(2089858483,b0f066a214c2f5e87bad3c948f4d605d) (ScriptedImporter) -> (artifact id: 'cbf7b0271ca9e737ce4e13c9ba4bf01e') in 0.2021646 seconds
Number of updated asset objects reloaded before import = 0Number of asset objects unloaded after import = 8

========================================================================
Received Import Request.
  Time since last request: 0.000038 seconds.
  path: Assets/BrokenVector/LowPolyRoadPack/Models/Tunnel Entrance 1.dae
  artifactKey: Guid(0b3034fd1a5bb254d8e081e8634d075f) Importer(2089858483,b0f066a214c2f5e87bad3c948f4d605d)
Start importing Assets/BrokenVector/LowPolyRoadPack/Models/Tunnel Entrance 1.dae using Guid(0b3034fd1a5bb254d8e081e8634d075f) Importer(2089858483,b0f066a214c2f5e87bad3c948f4d605d) (ScriptedImporter) -> (artifact id: '99e7a8c9355fab7045ffab2946df155d') in 0.0265653 seconds
Number of updated asset objects reloaded before import = 0Number of asset objects unloaded after import = 8

========================================================================
Received Import Request.
  Time since last request: 0.000045 seconds.
  path: Assets/BrokenVector/LowPolyRoadPack/Prefabs/Freeway Cross Freeway.prefab
  artifactKey: Guid(67b75b5f8253ef64c9aaab70b17ec06e) Importer(2089858483,b0f066a214c2f5e87bad3c948f4d605d)
Start importing Assets/BrokenVector/LowPolyRoadPack/Prefabs/Freeway Cross Freeway.prefab using Guid(67b75b5f8253ef64c9aaab70b17ec06e) Importer(2089858483,b0f066a214c2f5e87bad3c948f4d605d) (ScriptedImporter) -> (artifact id: 'ca92f655eec4f391fcfaab09189ee789') in 0.0199982 seconds
Number of updated asset objects reloaded before import = 0Number of asset objects unloaded after import = 9

========================================================================
Received Import Request.
  Time since last request: 0.000022 seconds.
  path: Assets/BrokenVector/LowPolyRoadPack/Demo/Landscape/Houses.012.dae
  artifactKey: Guid(51f7d944b367bb94abd599e0af5cf265) Importer(2089858483,b0f066a214c2f5e87bad3c948f4d605d)
Start importing Assets/BrokenVector/LowPolyRoadPack/Demo/Landscape/Houses.012.dae using Guid(51f7d944b367bb94abd599e0af5cf265) Importer(2089858483,b0f066a214c2f5e87bad3c948f4d605d) (ScriptedImporter) -> (artifact id: 'ebef691eb42438c222fd0130ae1cc7a7') in 0.0225428 seconds
Number of updated asset objects reloaded before import = 0Number of asset objects unloaded after import = 9

========================================================================
Received Import Request.
  Time since last request: 0.000022 seconds.
  path: Assets/BrokenVector/LowPolyRoadPack/Models/Freeway Straight 2.dae
  artifactKey: Guid(6421912752fc45944a04fb09aae2e8a6) Importer(2089858483,b0f066a214c2f5e87bad3c948f4d605d)
Start importing Assets/BrokenVector/LowPolyRoadPack/Models/Freeway Straight 2.dae using Guid(6421912752fc45944a04fb09aae2e8a6) Importer(2089858483,b0f066a214c2f5e87bad3c948f4d605d) (ScriptedImporter) -> (artifact id: '1c69c55b437dfaf778daf8e3db3de922') in 0.0234132 seconds
Number of updated asset objects reloaded before import = 0Number of asset objects unloaded after import = 8

========================================================================
Received Import Request.
  Time since last request: 0.000023 seconds.
  path: Assets/BrokenVector/LowPolyRoadPack/Prefabs/Road Cross SIngleLane.prefab
  artifactKey: Guid(7037b12e33ea2dc4a98a52fc649b62f2) Importer(2089858483,b0f066a214c2f5e87bad3c948f4d605d)
Start importing Assets/BrokenVector/LowPolyRoadPack/Prefabs/Road Cross SIngleLane.prefab using Guid(7037b12e33ea2dc4a98a52fc649b62f2) Importer(2089858483,b0f066a214c2f5e87bad3c948f4d605d) (ScriptedImporter) -> (artifact id: 'c0d3e8f0b612c083ea84a503e27649d0') in 0.020873 seconds
Number of updated asset objects reloaded before import = 0Number of asset objects unloaded after import = 9

========================================================================
Received Import Request.
  Time since last request: 0.000039 seconds.
  path: Assets/BrokenVector/LowPolyRoadPack/Demo/Landscape/Houses.008.dae
  artifactKey: Guid(2296d07369e67c646b2d0d7f242d8449) Importer(2089858483,b0f066a214c2f5e87bad3c948f4d605d)
Start importing Assets/BrokenVector/LowPolyRoadPack/Demo/Landscape/Houses.008.dae using Guid(2296d07369e67c646b2d0d7f242d8449) Importer(2089858483,b0f066a214c2f5e87bad3c948f4d605d) (ScriptedImporter) -> (artifact id: '2b48d11ca7f611fdba7ee3e968c86bbb') in 0.0285526 seconds
Number of updated asset objects reloaded before import = 0Number of asset objects unloaded after import = 9

========================================================================
Received Import Request.
  Time since last request: 0.000052 seconds.
  path: Assets/BrokenVector/LowPolyRoadPack/Models/SingleLane End.dae
  artifactKey: Guid(4887d8bc9c96f564c944f169b9acb35d) Importer(2089858483,b0f066a214c2f5e87bad3c948f4d605d)
Start importing Assets/BrokenVector/LowPolyRoadPack/Models/SingleLane End.dae using Guid(4887d8bc9c96f564c944f169b9acb35d) Importer(2089858483,b0f066a214c2f5e87bad3c948f4d605d) (ScriptedImporter) -> (artifact id: '26630740503d22f5e07776fd3346c8e6') in 0.0287563 seconds
Number of updated asset objects reloaded before import = 0Number of asset objects unloaded after import = 8

========================================================================
Received Import Request.
  Time since last request: 0.000027 seconds.
  path: Assets/BrokenVector/LowPolyRoadPack/Prefabs/Road Straight 3.prefab
  artifactKey: Guid(43678520060fa5e42add8825ab61da06) Importer(2089858483,b0f066a214c2f5e87bad3c948f4d605d)
Start importing Assets/BrokenVector/LowPolyRoadPack/Prefabs/Road Straight 3.prefab using Guid(43678520060fa5e42add8825ab61da06) Importer(2089858483,b0f066a214c2f5e87bad3c948f4d605d) (ScriptedImporter) -> (artifact id: 'd91d26123bdc4c4668c8e9c84e6e2800') in 0.020802 seconds
Number of updated asset objects reloaded before import = 0Number of asset objects unloaded after import = 9

========================================================================
Received Import Request.
  Time since last request: 0.000047 seconds.
  path: Assets/BrokenVector/LowPolyRoadPack/Prefabs/Highway Bridge 1.prefab
  artifactKey: Guid(8d7240f2f0843e442b11595c5465dbf7) Importer(2089858483,b0f066a214c2f5e87bad3c948f4d605d)
Start importing Assets/BrokenVector/LowPolyRoadPack/Prefabs/Highway Bridge 1.prefab using Guid(8d7240f2f0843e442b11595c5465dbf7) Importer(2089858483,b0f066a214c2f5e87bad3c948f4d605d) (ScriptedImporter) -> (artifact id: '1da786a4d65581f226bf91712982ea92') in 0.0217475 seconds
Number of updated asset objects reloaded before import = 0Number of asset objects unloaded after import = 10

========================================================================
Received Import Request.
  Time since last request: 0.000055 seconds.
  path: Assets/BrokenVector/LowPolyRoadPack/Demo/Materials/Grass.mat
  artifactKey: Guid(d069dd4398675764291f9c82e7286e14) Importer(2089858483,b0f066a214c2f5e87bad3c948f4d605d)
Start importing Assets/BrokenVector/LowPolyRoadPack/Demo/Materials/Grass.mat using Guid(d069dd4398675764291f9c82e7286e14) Importer(2089858483,b0f066a214c2f5e87bad3c948f4d605d) (ScriptedImporter) -> (artifact id: '6a4920d651cb210b5b85891b391f870f') in 0.0401498 seconds
Number of updated asset objects reloaded before import = 0Number of asset objects unloaded after import = 1

========================================================================
Received Import Request.
  Time since last request: 0.000038 seconds.
  path: Assets/BrokenVector/LowPolyRoadPack/Prefabs/Freeway Cross Road.prefab
  artifactKey: Guid(7ff5db574d5d2df479ee7bae7f713787) Importer(2089858483,b0f066a214c2f5e87bad3c948f4d605d)
Start importing Assets/BrokenVector/LowPolyRoadPack/Prefabs/Freeway Cross Road.prefab using Guid(7ff5db574d5d2df479ee7bae7f713787) Importer(2089858483,b0f066a214c2f5e87bad3c948f4d605d) (ScriptedImporter) -> (artifact id: 'c26b0fd59a4a284b5e23b4cf07944997') in 0.0175353 seconds
Number of updated asset objects reloaded before import = 0Number of asset objects unloaded after import = 9

========================================================================
Received Import Request.
  Time since last request: 0.000025 seconds.
  path: Assets/BrokenVector/LowPolyRoadPack/Models/Highway Join Highway 1.dae
  artifactKey: Guid(a17f37812c6482942b2b08f8a4b9d2c4) Importer(2089858483,b0f066a214c2f5e87bad3c948f4d605d)
Start importing Assets/BrokenVector/LowPolyRoadPack/Models/Highway Join Highway 1.dae using Guid(a17f37812c6482942b2b08f8a4b9d2c4) Importer(2089858483,b0f066a214c2f5e87bad3c948f4d605d) (ScriptedImporter) -> (artifact id: '3bf6a7def8ee2f8579b85d166713a318') in 0.0257542 seconds
Number of updated asset objects reloaded before import = 0Number of asset objects unloaded after import = 8

========================================================================
Received Import Request.
  Time since last request: 0.000072 seconds.
  path: Assets/BrokenVector/LowPolyRoadPack/Prefabs/Road Straight 1.prefab
  artifactKey: Guid(1b5a40444f59ff64997f9b2966f28a54) Importer(2089858483,b0f066a214c2f5e87bad3c948f4d605d)
Start importing Assets/BrokenVector/LowPolyRoadPack/Prefabs/Road Straight 1.prefab using Guid(1b5a40444f59ff64997f9b2966f28a54) Importer(2089858483,b0f066a214c2f5e87bad3c948f4d605d) (ScriptedImporter) -> (artifact id: '446ba31b059920b9d2186b39c58a5d52') in 0.0191642 seconds
Number of updated asset objects reloaded before import = 0Number of asset objects unloaded after import = 9

========================================================================
Received Import Request.
  Time since last request: 0.000045 seconds.
  path: Assets/BrokenVector/LowPolyRoadPack/Prefabs/SingleLane Join SingleLane.prefab
  artifactKey: Guid(82697fef831cee04ab4411218e725f9f) Importer(2089858483,b0f066a214c2f5e87bad3c948f4d605d)
Start importing Assets/BrokenVector/LowPolyRoadPack/Prefabs/SingleLane Join SingleLane.prefab using Guid(82697fef831cee04ab4411218e725f9f) Importer(2089858483,b0f066a214c2f5e87bad3c948f4d605d) (ScriptedImporter) -> (artifact id: '9b78386b35080442f15a14d514510041') in 0.0182073 seconds
Number of updated asset objects reloaded before import = 0Number of asset objects unloaded after import = 9

========================================================================
Received Import Request.
  Time since last request: 0.000031 seconds.
  path: Assets/BrokenVector/LowPolyRoadPack/Models/Tunnel Straight 4.dae
  artifactKey: Guid(f5363fa7f00d1a14dace523483cf17f2) Importer(2089858483,b0f066a214c2f5e87bad3c948f4d605d)
Start importing Assets/BrokenVector/LowPolyRoadPack/Models/Tunnel Straight 4.dae using Guid(f5363fa7f00d1a14dace523483cf17f2) Importer(2089858483,b0f066a214c2f5e87bad3c948f4d605d) (ScriptedImporter) -> (artifact id: '1bb2809697b3841702e9fd398a166fc4') in 0.0206576 seconds
Number of updated asset objects reloaded before import = 0Number of asset objects unloaded after import = 8

========================================================================
Received Import Request.
  Time since last request: 0.000023 seconds.
  path: Assets/BrokenVector/LowPolyRoadPack/Models/Car 2.dae
  artifactKey: Guid(77034832b22fef34387efcaeb7127eaa) Importer(2089858483,b0f066a214c2f5e87bad3c948f4d605d)
Start importing Assets/BrokenVector/LowPolyRoadPack/Models/Car 2.dae using Guid(77034832b22fef34387efcaeb7127eaa) Importer(2089858483,b0f066a214c2f5e87bad3c948f4d605d) (ScriptedImporter) -> (artifact id: 'c1f59d348278aab3d782f2bf2e669cc7') in 0.0257154 seconds
Number of updated asset objects reloaded before import = 0Number of asset objects unloaded after import = 34

========================================================================
Received Import Request.
  Time since last request: 0.000028 seconds.
  path: Assets/BrokenVector/LowPolyRoadPack/Demo
  artifactKey: Guid(2469141f37ffafb4784fc96766e97a58) Importer(2089858483,b0f066a214c2f5e87bad3c948f4d605d)
Start importing Assets/BrokenVector/LowPolyRoadPack/Demo using Guid(2469141f37ffafb4784fc96766e97a58) Importer(2089858483,b0f066a214c2f5e87bad3c948f4d605d) (ScriptedImporter) -> (artifact id: 'a52eab2c6608b4d1f96a5219916c3a38') in 0.0128694 seconds
Number of updated asset objects reloaded before import = 0Number of asset objects unloaded after import = 1

========================================================================
Received Import Request.
  Time since last request: 0.000044 seconds.
  path: Assets/BrokenVector/LowPolyRoadPack/Models/Highway Cross Freeway.dae
  artifactKey: Guid(0505729b78e21cd4487c9a4940bea4db) Importer(2089858483,b0f066a214c2f5e87bad3c948f4d605d)
Start importing Assets/BrokenVector/LowPolyRoadPack/Models/Highway Cross Freeway.dae using Guid(0505729b78e21cd4487c9a4940bea4db) Importer(2089858483,b0f066a214c2f5e87bad3c948f4d605d) (ScriptedImporter) -> (artifact id: '5e267adefd2dd7e32cf72c1db718841a') in 0.0199103 seconds
Number of updated asset objects reloaded before import = 0Number of asset objects unloaded after import = 8

========================================================================
Received Import Request.
  Time since last request: 0.000023 seconds.
  path: Assets/BrokenVector/LowPolyRoadPack/Prefabs/Highway Join Road.prefab
  artifactKey: Guid(517cd28356a64ae4ca59346763bafa76) Importer(2089858483,b0f066a214c2f5e87bad3c948f4d605d)
Start importing Assets/BrokenVector/LowPolyRoadPack/Prefabs/Highway Join Road.prefab using Guid(517cd28356a64ae4ca59346763bafa76) Importer(2089858483,b0f066a214c2f5e87bad3c948f4d605d) (ScriptedImporter) -> (artifact id: '77d35133f33b327d67e665820dd8c031') in 0.0179498 seconds
Number of updated asset objects reloaded before import = 0Number of asset objects unloaded after import = 10

========================================================================
Received Import Request.
  Time since last request: 0.000033 seconds.
  path: Assets/BrokenVector/LowPolyRoadPack/Prefabs/Freeway S-Curve.prefab
  artifactKey: Guid(b21431263a66fd84ebb8c5a9f3e51709) Importer(2089858483,b0f066a214c2f5e87bad3c948f4d605d)
Start importing Assets/BrokenVector/LowPolyRoadPack/Prefabs/Freeway S-Curve.prefab using Guid(b21431263a66fd84ebb8c5a9f3e51709) Importer(2089858483,b0f066a214c2f5e87bad3c948f4d605d) (ScriptedImporter) -> (artifact id: 'e0f5407e828b64e575022441bc817928') in 0.0222848 seconds
Number of updated asset objects reloaded before import = 0Number of asset objects unloaded after import = 10

========================================================================
Received Import Request.
  Time since last request: 0.000033 seconds.
  path: Assets/BrokenVector/LowPolyRoadPack/Prefabs/Parkinglot Center 1.prefab
  artifactKey: Guid(aa844cbc7cd603f45b3a56fed001aee3) Importer(2089858483,b0f066a214c2f5e87bad3c948f4d605d)
Start importing Assets/BrokenVector/LowPolyRoadPack/Prefabs/Parkinglot Center 1.prefab using Guid(aa844cbc7cd603f45b3a56fed001aee3) Importer(2089858483,b0f066a214c2f5e87bad3c948f4d605d) (ScriptedImporter) -> (artifact id: '7e1b9b216213642aa25b22ab42ca4b09') in 0.0218575 seconds
Number of updated asset objects reloaded before import = 0Number of asset objects unloaded after import = 9

========================================================================
Received Import Request.
  Time since last request: 0.000033 seconds.
  path: Assets/BrokenVector/LowPolyRoadPack/Materials/Car Colorscheme 2.mat
  artifactKey: Guid(1968bf9d74d362c408b28c15132baaaa) Importer(2089858483,b0f066a214c2f5e87bad3c948f4d605d)
Start importing Assets/BrokenVector/LowPolyRoadPack/Materials/Car Colorscheme 2.mat using Guid(1968bf9d74d362c408b28c15132baaaa) Importer(2089858483,b0f066a214c2f5e87bad3c948f4d605d) (ScriptedImporter) -> (artifact id: '50203d01374398f0d3acd046bec7d51f') in 0.0148929 seconds
Number of updated asset objects reloaded before import = 0Number of asset objects unloaded after import = 2

========================================================================
Received Import Request.
  Time since last request: 0.000036 seconds.
  path: Assets/BrokenVector/LowPolyRoadPack/Models/Road Cross SIngleLane.dae
  artifactKey: Guid(24e6433201fc69a44bf1c8f256d8b997) Importer(2089858483,b0f066a214c2f5e87bad3c948f4d605d)
Start importing Assets/BrokenVector/LowPolyRoadPack/Models/Road Cross SIngleLane.dae using Guid(24e6433201fc69a44bf1c8f256d8b997) Importer(2089858483,b0f066a214c2f5e87bad3c948f4d605d) (ScriptedImporter) -> (artifact id: '0646cb3062fe92764ea5aa09639553b0') in 0.0415693 seconds
Number of updated asset objects reloaded before import = 0Number of asset objects unloaded after import = 8

========================================================================
Received Import Request.
  Time since last request: 0.000061 seconds.
  path: Assets/BrokenVector/LowPolyRoadPack/Models/Freeway Cross Road.dae
  artifactKey: Guid(55ffdfe2a9a2b114ab2e38301ab3c96a) Importer(2089858483,b0f066a214c2f5e87bad3c948f4d605d)
Start importing Assets/BrokenVector/LowPolyRoadPack/Models/Freeway Cross Road.dae using Guid(55ffdfe2a9a2b114ab2e38301ab3c96a) Importer(2089858483,b0f066a214c2f5e87bad3c948f4d605d) (ScriptedImporter) -> (artifact id: '668b6c10416070fde6059d05a0414d31') in 0.0218459 seconds
Number of updated asset objects reloaded before import = 0Number of asset objects unloaded after import = 8

========================================================================
Received Import Request.
  Time since last request: 0.000088 seconds.
  path: Assets/BrokenVector/LowPolyRoadPack/Models/Highway S-Curve.dae
  artifactKey: Guid(901bb15896c0ed444a89af207f0d0ffe) Importer(2089858483,b0f066a214c2f5e87bad3c948f4d605d)
Start importing Assets/BrokenVector/LowPolyRoadPack/Models/Highway S-Curve.dae using Guid(901bb15896c0ed444a89af207f0d0ffe) Importer(2089858483,b0f066a214c2f5e87bad3c948f4d605d) (ScriptedImporter) -> (artifact id: '94abf8906eee38cd0cfa2e0bbebb1547') in 0.0340764 seconds
Number of updated asset objects reloaded before import = 0Number of asset objects unloaded after import = 8

========================================================================
Received Import Request.
  Time since last request: 0.000037 seconds.
  path: Assets/BrokenVector/LowPolyRoadPack/Prefabs/Road Looping.prefab
  artifactKey: Guid(ecf4e1c9068d83f4d9d991b1c0903616) Importer(2089858483,b0f066a214c2f5e87bad3c948f4d605d)
Start importing Assets/BrokenVector/LowPolyRoadPack/Prefabs/Road Looping.prefab using Guid(ecf4e1c9068d83f4d9d991b1c0903616) Importer(2089858483,b0f066a214c2f5e87bad3c948f4d605d) (ScriptedImporter) -> (artifact id: '851bb10e8d7ae0d7231133155d52e7d7') in 0.0206875 seconds
Number of updated asset objects reloaded before import = 0Number of asset objects unloaded after import = 9

========================================================================
Received Import Request.
  Time since last request: 0.000049 seconds.
  path: Assets/BrokenVector/LowPolyRoadPack/Models/Road Straight 1.dae
  artifactKey: Guid(b4923c0dba942fa43a6c6e6831a89113) Importer(2089858483,b0f066a214c2f5e87bad3c948f4d605d)
Start importing Assets/BrokenVector/LowPolyRoadPack/Models/Road Straight 1.dae using Guid(b4923c0dba942fa43a6c6e6831a89113) Importer(2089858483,b0f066a214c2f5e87bad3c948f4d605d) (ScriptedImporter) -> (artifact id: '7e9fdad04b3d1caabfc3455f2a06d9d0') in 0.0220529 seconds
Number of updated asset objects reloaded before import = 0Number of asset objects unloaded after import = 8

========================================================================
Received Import Request.
  Time since last request: 0.000022 seconds.
  path: Assets/BrokenVector/LowPolyRoadPack/Models/Parkinglot Corner 1.dae
  artifactKey: Guid(73b78b99c269f4e4982b125270a38b14) Importer(2089858483,b0f066a214c2f5e87bad3c948f4d605d)
Start importing Assets/BrokenVector/LowPolyRoadPack/Models/Parkinglot Corner 1.dae using Guid(73b78b99c269f4e4982b125270a38b14) Importer(2089858483,b0f066a214c2f5e87bad3c948f4d605d) (ScriptedImporter) -> (artifact id: '75d64728265cc7d091b305fbf729dc8f') in 0.0237302 seconds
Number of updated asset objects reloaded before import = 0Number of asset objects unloaded after import = 8

========================================================================
Received Import Request.
  Time since last request: 0.000032 seconds.
  path: Assets/BrokenVector
  artifactKey: Guid(9331f2f55a9537141b571a29c6527be5) Importer(2089858483,b0f066a214c2f5e87bad3c948f4d605d)
Start importing Assets/BrokenVector using Guid(9331f2f55a9537141b571a29c6527be5) Importer(2089858483,b0f066a214c2f5e87bad3c948f4d605d) (ScriptedImporter) -> (artifact id: '8a3934277bc8096632f6ac6013dbaca0') in 0.0137018 seconds
Number of updated asset objects reloaded before import = 0Number of asset objects unloaded after import = 1

========================================================================
Received Import Request.
  Time since last request: 0.000028 seconds.
  path: Assets/BrokenVector/LowPolyRoadPack/Models/Road Join SIngleLane.dae
  artifactKey: Guid(b85b6366741d14e4a96828e1afad90e0) Importer(2089858483,b0f066a214c2f5e87bad3c948f4d605d)
Start importing Assets/BrokenVector/LowPolyRoadPack/Models/Road Join SIngleLane.dae using Guid(b85b6366741d14e4a96828e1afad90e0) Importer(2089858483,b0f066a214c2f5e87bad3c948f4d605d) (ScriptedImporter) -> (artifact id: '0260bc94ba2e398c7ba1bf63653715ad') in 0.0218039 seconds
Number of updated asset objects reloaded before import = 0Number of asset objects unloaded after import = 8

========================================================================
Received Import Request.
  Time since last request: 0.000065 seconds.
  path: Assets/BrokenVector/LowPolyRoadPack/Prefabs/Parkinglot Edge 3.prefab
  artifactKey: Guid(ed0aae2e11d87014f915283c004cede3) Importer(2089858483,b0f066a214c2f5e87bad3c948f4d605d)
Start importing Assets/BrokenVector/LowPolyRoadPack/Prefabs/Parkinglot Edge 3.prefab using Guid(ed0aae2e11d87014f915283c004cede3) Importer(2089858483,b0f066a214c2f5e87bad3c948f4d605d) (ScriptedImporter) -> (artifact id: 'a708474050d58f4c326328a534ad1d84') in 0.0184457 seconds
Number of updated asset objects reloaded before import = 0Number of asset objects unloaded after import = 9

========================================================================
Received Import Request.
  Time since last request: 0.000052 seconds.
  path: Assets/BrokenVector/LowPolyRoadPack/Demo/Landscape/Houses.011.dae
  artifactKey: Guid(f24e9cf354f004442b97cffbb3bbd911) Importer(2089858483,b0f066a214c2f5e87bad3c948f4d605d)
Start importing Assets/BrokenVector/LowPolyRoadPack/Demo/Landscape/Houses.011.dae using Guid(f24e9cf354f004442b97cffbb3bbd911) Importer(2089858483,b0f066a214c2f5e87bad3c948f4d605d) (ScriptedImporter) -> (artifact id: 'aba68bf2aee950384a9a3b954ac38744') in 0.0208496 seconds
Number of updated asset objects reloaded before import = 0Number of asset objects unloaded after import = 9

========================================================================
Received Import Request.
  Time since last request: 0.000020 seconds.
  path: Assets/BrokenVector/LowPolyRoadPack/Models/Parkinglot Center 2.dae
  artifactKey: Guid(76b865b0d72af07469dfd0128ca936bd) Importer(2089858483,b0f066a214c2f5e87bad3c948f4d605d)
Start importing Assets/BrokenVector/LowPolyRoadPack/Models/Parkinglot Center 2.dae using Guid(76b865b0d72af07469dfd0128ca936bd) Importer(2089858483,b0f066a214c2f5e87bad3c948f4d605d) (ScriptedImporter) -> (artifact id: '9f1b8a04da6ea4aba9d5792df72f634e') in 0.0220209 seconds
Number of updated asset objects reloaded before import = 0Number of asset objects unloaded after import = 8

========================================================================
Received Import Request.
  Time since last request: 0.000029 seconds.
  path: Assets/BrokenVector/LowPolyRoadPack/Demo/Landscape/Houses.001.dae
  artifactKey: Guid(5040aa18d61033e489ea9265c4f2cca4) Importer(2089858483,b0f066a214c2f5e87bad3c948f4d605d)
Start importing Assets/BrokenVector/LowPolyRoadPack/Demo/Landscape/Houses.001.dae using Guid(5040aa18d61033e489ea9265c4f2cca4) Importer(2089858483,b0f066a214c2f5e87bad3c948f4d605d) (ScriptedImporter) -> (artifact id: '8dd13abb6cc816523dd8d586bda7d454') in 0.019421 seconds
Number of updated asset objects reloaded before import = 0Number of asset objects unloaded after import = 9

========================================================================
Received Import Request.
  Time since last request: 0.000031 seconds.
  path: Assets/BrokenVector/LowPolyRoadPack/Prefabs/Car 1.prefab
  artifactKey: Guid(9c91ecea7f7dce04facaeb11c977e102) Importer(2089858483,b0f066a214c2f5e87bad3c948f4d605d)
Start importing Assets/BrokenVector/LowPolyRoadPack/Prefabs/Car 1.prefab using Guid(9c91ecea7f7dce04facaeb11c977e102) Importer(2089858483,b0f066a214c2f5e87bad3c948f4d605d) (ScriptedImporter) -> (artifact id: 'cd16b5b72086b2a087cd7991896bbd16') in 0.0136614 seconds
Number of updated asset objects reloaded before import = 0Number of asset objects unloaded after import = 34

========================================================================
Received Import Request.
  Time since last request: 0.000033 seconds.
  path: Assets/BrokenVector/LowPolyRoadPack/Models/Highway Straight 2.dae
  artifactKey: Guid(da1a0020a373025418e1119879ed8146) Importer(2089858483,b0f066a214c2f5e87bad3c948f4d605d)
Start importing Assets/BrokenVector/LowPolyRoadPack/Models/Highway Straight 2.dae using Guid(da1a0020a373025418e1119879ed8146) Importer(2089858483,b0f066a214c2f5e87bad3c948f4d605d) (ScriptedImporter) -> (artifact id: 'b7d86ad4c5d587426b8cfd9560c6ca5e') in 0.0249019 seconds
Number of updated asset objects reloaded before import = 0Number of asset objects unloaded after import = 8

========================================================================
Received Import Request.
  Time since last request: 0.000041 seconds.
  path: Assets/BrokenVector/LowPolyRoadPack/Prefabs/Highway Straight 4.prefab
  artifactKey: Guid(3981927452c32484d9640b2bf295fc6c) Importer(2089858483,b0f066a214c2f5e87bad3c948f4d605d)
Start importing Assets/BrokenVector/LowPolyRoadPack/Prefabs/Highway Straight 4.prefab using Guid(3981927452c32484d9640b2bf295fc6c) Importer(2089858483,b0f066a214c2f5e87bad3c948f4d605d) (ScriptedImporter) -> (artifact id: 'e4b9795b1aa7125c61a275cf57dbf1cf') in 0.0170156 seconds
Number of updated asset objects reloaded before import = 0Number of asset objects unloaded after import = 10

========================================================================
Received Import Request.
  Time since last request: 0.000033 seconds.
  path: Assets/BrokenVector/LowPolyRoadPack/Demo/Landscape/Houses.007.dae
  artifactKey: Guid(3e00f6b092fa0844290d6e031b6aa3db) Importer(2089858483,b0f066a214c2f5e87bad3c948f4d605d)
Start importing Assets/BrokenVector/LowPolyRoadPack/Demo/Landscape/Houses.007.dae using Guid(3e00f6b092fa0844290d6e031b6aa3db) Importer(2089858483,b0f066a214c2f5e87bad3c948f4d605d) (ScriptedImporter) -> (artifact id: '837d84fbed31ad02f0d73d6455405609') in 0.0171282 seconds
Number of updated asset objects reloaded before import = 0Number of asset objects unloaded after import = 9

========================================================================
Received Import Request.
  Time since last request: 0.000027 seconds.
  path: Assets/BrokenVector/LowPolyRoadPack/Prefabs/Tunnel Entrance 2.prefab
  artifactKey: Guid(0d02144b05217a74890541efcaaed4f1) Importer(2089858483,b0f066a214c2f5e87bad3c948f4d605d)
Start importing Assets/BrokenVector/LowPolyRoadPack/Prefabs/Tunnel Entrance 2.prefab using Guid(0d02144b05217a74890541efcaaed4f1) Importer(2089858483,b0f066a214c2f5e87bad3c948f4d605d) (ScriptedImporter) -> (artifact id: 'e701deff2a9e3b780a5b591a1819ad1d') in 0.0152461 seconds
Number of updated asset objects reloaded before import = 0Number of asset objects unloaded after import = 9

========================================================================
Received Import Request.
  Time since last request: 0.000034 seconds.
  path: Assets/BrokenVector/LowPolyRoadPack/Models/Road Straight 3.dae
  artifactKey: Guid(628ab3e2fbe6f144d8ab49b2ef8846df) Importer(2089858483,b0f066a214c2f5e87bad3c948f4d605d)
Start importing Assets/BrokenVector/LowPolyRoadPack/Models/Road Straight 3.dae using Guid(628ab3e2fbe6f144d8ab49b2ef8846df) Importer(2089858483,b0f066a214c2f5e87bad3c948f4d605d) (ScriptedImporter) -> (artifact id: '60bc7b3331cec44a95557e963a9fc1f1') in 0.0177682 seconds
Number of updated asset objects reloaded before import = 0Number of asset objects unloaded after import = 8

========================================================================
Received Import Request.
  Time since last request: 0.000032 seconds.
  path: Assets/BrokenVector/LowPolyRoadPack/Prefabs/Tunnel Straight 4.prefab
  artifactKey: Guid(a746d36c593c3134488d9e58478b528c) Importer(2089858483,b0f066a214c2f5e87bad3c948f4d605d)
Start importing Assets/BrokenVector/LowPolyRoadPack/Prefabs/Tunnel Straight 4.prefab using Guid(a746d36c593c3134488d9e58478b528c) Importer(2089858483,b0f066a214c2f5e87bad3c948f4d605d) (ScriptedImporter) -> (artifact id: 'b5d1c5141fb1a39430e6bc309fa290ed') in 0.0243209 seconds
Number of updated asset objects reloaded before import = 0Number of asset objects unloaded after import = 9

========================================================================
Received Import Request.
  Time since last request: 0.000063 seconds.
  path: Assets/BrokenVector/LowPolyRoadPack/Prefabs/Freeway Straight 2.prefab
  artifactKey: Guid(ea8ec36c7f9b40f4faa40bf80afec5a3) Importer(2089858483,b0f066a214c2f5e87bad3c948f4d605d)
Start importing Assets/BrokenVector/LowPolyRoadPack/Prefabs/Freeway Straight 2.prefab using Guid(ea8ec36c7f9b40f4faa40bf80afec5a3) Importer(2089858483,b0f066a214c2f5e87bad3c948f4d605d) (ScriptedImporter) -> (artifact id: '66d9e84f87e4de66d43c6b15202b075c') in 0.0249357 seconds
Number of updated asset objects reloaded before import = 0Number of asset objects unloaded after import = 9

========================================================================
Received Import Request.
  Time since last request: 0.000052 seconds.
  path: Assets/BrokenVector/LowPolyRoadPack/Models/Highway Straight 1.dae
  artifactKey: Guid(ef63e826ce0e5e94fa9002fc1c038b66) Importer(2089858483,b0f066a214c2f5e87bad3c948f4d605d)
Start importing Assets/BrokenVector/LowPolyRoadPack/Models/Highway Straight 1.dae using Guid(ef63e826ce0e5e94fa9002fc1c038b66) Importer(2089858483,b0f066a214c2f5e87bad3c948f4d605d) (ScriptedImporter) -> (artifact id: 'c58a2b253d6ad5c163cd69ccceeac324') in 0.0191551 seconds
Number of updated asset objects reloaded before import = 0Number of asset objects unloaded after import = 8

========================================================================
Received Import Request.
  Time since last request: 0.000034 seconds.
  path: Assets/BrokenVector/LowPolyRoadPack/Prefabs/Parkinglot Corner 2.prefab
  artifactKey: Guid(f78f74ffdc7f6c84bbc45b41161fb58f) Importer(2089858483,b0f066a214c2f5e87bad3c948f4d605d)
Start importing Assets/BrokenVector/LowPolyRoadPack/Prefabs/Parkinglot Corner 2.prefab using Guid(f78f74ffdc7f6c84bbc45b41161fb58f) Importer(2089858483,b0f066a214c2f5e87bad3c948f4d605d) (ScriptedImporter) -> (artifact id: '6a9dbff4349910ee72a91a9c065d3ac5') in 0.0195122 seconds
Number of updated asset objects reloaded before import = 0Number of asset objects unloaded after import = 9

========================================================================
Received Import Request.
  Time since last request: 0.000064 seconds.
  path: Assets/BrokenVector/LowPolyRoadPack/Models/Freeway Cross Freeway.dae
  artifactKey: Guid(72eb0d530cf26e74caefec9fd65ad0d0) Importer(2089858483,b0f066a214c2f5e87bad3c948f4d605d)
Start importing Assets/BrokenVector/LowPolyRoadPack/Models/Freeway Cross Freeway.dae using Guid(72eb0d530cf26e74caefec9fd65ad0d0) Importer(2089858483,b0f066a214c2f5e87bad3c948f4d605d) (ScriptedImporter) -> (artifact id: '4269c218aaa1172a3f3868fd9433ae9c') in 0.0309927 seconds
Number of updated asset objects reloaded before import = 0Number of asset objects unloaded after import = 8

========================================================================
Received Import Request.
  Time since last request: 0.000042 seconds.
  path: Assets/BrokenVector/LowPolyRoadPack/Models/Tunnel Curve.dae
  artifactKey: Guid(e8591f65a7fdd114bba6dd41852de0a5) Importer(2089858483,b0f066a214c2f5e87bad3c948f4d605d)
Start importing Assets/BrokenVector/LowPolyRoadPack/Models/Tunnel Curve.dae using Guid(e8591f65a7fdd114bba6dd41852de0a5) Importer(2089858483,b0f066a214c2f5e87bad3c948f4d605d) (ScriptedImporter) -> (artifact id: '5d2a752a39e517616bbb9839a2ee9b0b') in 0.0198245 seconds
Number of updated asset objects reloaded before import = 0Number of asset objects unloaded after import = 8

========================================================================
Received Import Request.
  Time since last request: 0.000033 seconds.
  path: Assets/BrokenVector/LowPolyRoadPack/Prefabs/Freeway Lift Highway.prefab
  artifactKey: Guid(401d27194e0344948b125cf0483f7637) Importer(2089858483,b0f066a214c2f5e87bad3c948f4d605d)
Start importing Assets/BrokenVector/LowPolyRoadPack/Prefabs/Freeway Lift Highway.prefab using Guid(401d27194e0344948b125cf0483f7637) Importer(2089858483,b0f066a214c2f5e87bad3c948f4d605d) (ScriptedImporter) -> (artifact id: 'd3194abf30d697a3c8218cbdccaa4d1b') in 0.0166688 seconds
Number of updated asset objects reloaded before import = 0Number of asset objects unloaded after import = 10

========================================================================
Received Import Request.
  Time since last request: 0.000026 seconds.
  path: Assets/BrokenVector/LowPolyRoadPack/Prefabs/Parkinglot Entrance.prefab
  artifactKey: Guid(60eed786d7a83604ea71df548e30b85f) Importer(2089858483,b0f066a214c2f5e87bad3c948f4d605d)
Start importing Assets/BrokenVector/LowPolyRoadPack/Prefabs/Parkinglot Entrance.prefab using Guid(60eed786d7a83604ea71df548e30b85f) Importer(2089858483,b0f066a214c2f5e87bad3c948f4d605d) (ScriptedImporter) -> (artifact id: '42da3579d9230adbebe8113652b15fed') in 0.0190229 seconds
Number of updated asset objects reloaded before import = 0Number of asset objects unloaded after import = 9

========================================================================
Received Import Request.
  Time since last request: 0.000034 seconds.
  path: Assets/BrokenVector/LowPolyRoadPack/Prefabs/Road Curve.prefab
  artifactKey: Guid(834e3b05077e0b445961489bb25da1c7) Importer(2089858483,b0f066a214c2f5e87bad3c948f4d605d)
Start importing Assets/BrokenVector/LowPolyRoadPack/Prefabs/Road Curve.prefab using Guid(834e3b05077e0b445961489bb25da1c7) Importer(2089858483,b0f066a214c2f5e87bad3c948f4d605d) (ScriptedImporter) -> (artifact id: '716ec9784eb17577c268046efae864a8') in 0.0187246 seconds
Number of updated asset objects reloaded before import = 0Number of asset objects unloaded after import = 9

========================================================================
Received Import Request.
  Time since last request: 0.000046 seconds.
  path: Assets/BrokenVector/LowPolyRoadPack/Materials
  artifactKey: Guid(2aef06908a9ea5747aae481d62955db4) Importer(2089858483,b0f066a214c2f5e87bad3c948f4d605d)
Start importing Assets/BrokenVector/LowPolyRoadPack/Materials using Guid(2aef06908a9ea5747aae481d62955db4) Importer(2089858483,b0f066a214c2f5e87bad3c948f4d605d) (ScriptedImporter) -> (artifact id: '29e143b98ed58729c800d732ed0a41e3') in 0.0147228 seconds
Number of updated asset objects reloaded before import = 0Number of asset objects unloaded after import = 1

========================================================================
Received Import Request.
  Time since last request: 0.000042 seconds.
  path: Assets/BrokenVector/LowPolyRoadPack/Models/Tunnel Entrance 2.dae
  artifactKey: Guid(42e238ecb6fe5c34381c1899f40cdc59) Importer(2089858483,b0f066a214c2f5e87bad3c948f4d605d)
Start importing Assets/BrokenVector/LowPolyRoadPack/Models/Tunnel Entrance 2.dae using Guid(42e238ecb6fe5c34381c1899f40cdc59) Importer(2089858483,b0f066a214c2f5e87bad3c948f4d605d) (ScriptedImporter) -> (artifact id: 'fa31f0ffa089054838d8fa1cd03b7552') in 0.0234409 seconds
Number of updated asset objects reloaded before import = 0Number of asset objects unloaded after import = 8

========================================================================
Received Import Request.
  Time since last request: 0.000040 seconds.
  path: Assets/BrokenVector/LowPolyRoadPack/Models/Road Join Road.dae
  artifactKey: Guid(1869066258e66524dabd0031005b03ff) Importer(2089858483,b0f066a214c2f5e87bad3c948f4d605d)
Start importing Assets/BrokenVector/LowPolyRoadPack/Models/Road Join Road.dae using Guid(1869066258e66524dabd0031005b03ff) Importer(2089858483,b0f066a214c2f5e87bad3c948f4d605d) (ScriptedImporter) -> (artifact id: '3ab0001a2af0892db66ae4d764d6a600') in 0.0216605 seconds
Number of updated asset objects reloaded before import = 0Number of asset objects unloaded after import = 8

========================================================================
Received Import Request.
  Time since last request: 0.000025 seconds.
  path: Assets/BrokenVector/LowPolyRoadPack/Demo/Materials/World.mat
  artifactKey: Guid(efdaf9d7b48fb6549890bdc56199eef1) Importer(2089858483,b0f066a214c2f5e87bad3c948f4d605d)
Start importing Assets/BrokenVector/LowPolyRoadPack/Demo/Materials/World.mat using Guid(efdaf9d7b48fb6549890bdc56199eef1) Importer(2089858483,b0f066a214c2f5e87bad3c948f4d605d) (ScriptedImporter) -> (artifact id: 'b32bbcfb5942ac5f908af41cb0fad8cc') in 0.0147671 seconds
Number of updated asset objects reloaded before import = 0Number of asset objects unloaded after import = 2

========================================================================
Received Import Request.
  Time since last request: 0.000036 seconds.
  path: Assets/BrokenVector/LowPolyRoadPack/Prefabs/Highway Straight 2.prefab
  artifactKey: Guid(260ff3c3667b2bd4f82382b31d2ef823) Importer(2089858483,b0f066a214c2f5e87bad3c948f4d605d)
Start importing Assets/BrokenVector/LowPolyRoadPack/Prefabs/Highway Straight 2.prefab using Guid(260ff3c3667b2bd4f82382b31d2ef823) Importer(2089858483,b0f066a214c2f5e87bad3c948f4d605d) (ScriptedImporter) -> (artifact id: 'd31fdfebd2c24ae70fce76f0dcfa1061') in 0.0234532 seconds
Number of updated asset objects reloaded before import = 0Number of asset objects unloaded after import = 10

========================================================================
Received Import Request.
  Time since last request: 0.000032 seconds.
  path: Assets/BrokenVector/LowPolyRoadPack/Prefabs/Highway Cross Road.prefab
  artifactKey: Guid(58cb49345998e1e4ebc99dfa7af32696) Importer(2089858483,b0f066a214c2f5e87bad3c948f4d605d)
Start importing Assets/BrokenVector/LowPolyRoadPack/Prefabs/Highway Cross Road.prefab using Guid(58cb49345998e1e4ebc99dfa7af32696) Importer(2089858483,b0f066a214c2f5e87bad3c948f4d605d) (ScriptedImporter) -> (artifact id: 'cae85eb0b9039fa448daec54d7614a93') in 0.0178731 seconds
Number of updated asset objects reloaded before import = 0Number of asset objects unloaded after import = 9

========================================================================
Received Import Request.
  Time since last request: 0.000047 seconds.
  path: Assets/BrokenVector/LowPolyRoadPack/Models/Parkinglot Edge 1.dae
  artifactKey: Guid(71a6712b53f17d642b18dd7dd3873131) Importer(2089858483,b0f066a214c2f5e87bad3c948f4d605d)
Start importing Assets/BrokenVector/LowPolyRoadPack/Models/Parkinglot Edge 1.dae using Guid(71a6712b53f17d642b18dd7dd3873131) Importer(2089858483,b0f066a214c2f5e87bad3c948f4d605d) (ScriptedImporter) -> (artifact id: 'e4f920a4601db65bf2d53430f1992d59') in 0.0234619 seconds
Number of updated asset objects reloaded before import = 0Number of asset objects unloaded after import = 8

========================================================================
Received Import Request.
  Time since last request: 0.000046 seconds.
  path: Assets/BrokenVector/LowPolyRoadPack/Demo/Landscape/Houses.003.dae
  artifactKey: Guid(b2458df65032dda41b5421b69f657d9a) Importer(2089858483,b0f066a214c2f5e87bad3c948f4d605d)
Start importing Assets/BrokenVector/LowPolyRoadPack/Demo/Landscape/Houses.003.dae using Guid(b2458df65032dda41b5421b69f657d9a) Importer(2089858483,b0f066a214c2f5e87bad3c948f4d605d) (ScriptedImporter) -> (artifact id: 'c7aacd801d172c51831f400a73906a30') in 0.0237936 seconds
Number of updated asset objects reloaded before import = 0Number of asset objects unloaded after import = 9

========================================================================
Received Import Request.
  Time since last request: 0.000031 seconds.
  path: Assets/BrokenVector/LowPolyRoadPack/Materials/Road.mat
  artifactKey: Guid(9cbdac3088fceec40bde6d0619e2ebda) Importer(2089858483,b0f066a214c2f5e87bad3c948f4d605d)
Start importing Assets/BrokenVector/LowPolyRoadPack/Materials/Road.mat using Guid(9cbdac3088fceec40bde6d0619e2ebda) Importer(2089858483,b0f066a214c2f5e87bad3c948f4d605d) (ScriptedImporter) -> (artifact id: 'c0a1dde43cd2d307928debc02ef4477b') in 0.014876 seconds
Number of updated asset objects reloaded before import = 0Number of asset objects unloaded after import = 2

========================================================================
Received Import Request.
  Time since last request: 0.000026 seconds.
  path: Assets/BrokenVector/LowPolyRoadPack/Demo/Landscape/Houses.006.dae
  artifactKey: Guid(f366ec1535b72a841ac031961d69f6e6) Importer(2089858483,b0f066a214c2f5e87bad3c948f4d605d)
Start importing Assets/BrokenVector/LowPolyRoadPack/Demo/Landscape/Houses.006.dae using Guid(f366ec1535b72a841ac031961d69f6e6) Importer(2089858483,b0f066a214c2f5e87bad3c948f4d605d) (ScriptedImporter) -> (artifact id: 'f5c18caacf664a7bd09488ba76134676') in 0.0225493 seconds
Number of updated asset objects reloaded before import = 0Number of asset objects unloaded after import = 9

========================================================================
Received Import Request.
  Time since last request: 0.000025 seconds.
  path: Assets/BrokenVector/LowPolyRoadPack/Prefabs
  artifactKey: Guid(0f48a9b0e4fdd3f42a1d84e8d51f410c) Importer(2089858483,b0f066a214c2f5e87bad3c948f4d605d)
Start importing Assets/BrokenVector/LowPolyRoadPack/Prefabs using Guid(0f48a9b0e4fdd3f42a1d84e8d51f410c) Importer(2089858483,b0f066a214c2f5e87bad3c948f4d605d) (ScriptedImporter) -> (artifact id: '163b72d3dee0ef9d2a0e91a02fd8bf07') in 0.0126761 seconds
Number of updated asset objects reloaded before import = 0Number of asset objects unloaded after import = 1

========================================================================
Received Import Request.
  Time since last request: 0.000034 seconds.
  path: Assets/BrokenVector/LowPolyRoadPack/Materials/Light.mat
  artifactKey: Guid(b73916d937ddb5b428608e0d5072412b) Importer(2089858483,b0f066a214c2f5e87bad3c948f4d605d)
Start importing Assets/BrokenVector/LowPolyRoadPack/Materials/Light.mat using Guid(b73916d937ddb5b428608e0d5072412b) Importer(2089858483,b0f066a214c2f5e87bad3c948f4d605d) (ScriptedImporter) -> (artifact id: '7abc54163a62814cccebaf64d10dd622') in 0.018523 seconds
Number of updated asset objects reloaded before import = 0Number of asset objects unloaded after import = 2

========================================================================
Received Import Request.
  Time since last request: 0.000027 seconds.
  path: Assets/BrokenVector/LowPolyRoadPack/Models/Freeway S-Curve.dae
  artifactKey: Guid(a6f8c6c7f9b109c45b54b4ea3ab2256b) Importer(2089858483,b0f066a214c2f5e87bad3c948f4d605d)
Start importing Assets/BrokenVector/LowPolyRoadPack/Models/Freeway S-Curve.dae using Guid(a6f8c6c7f9b109c45b54b4ea3ab2256b) Importer(2089858483,b0f066a214c2f5e87bad3c948f4d605d) (ScriptedImporter) -> (artifact id: 'c074bcb9b43ae16d2d606ae918f371aa') in 0.0199125 seconds
Number of updated asset objects reloaded before import = 0Number of asset objects unloaded after import = 8

========================================================================
Received Import Request.
  Time since last request: 0.000034 seconds.
  path: Assets/BrokenVector/LowPolyRoadPack/Prefabs/Freeway Straight 1.prefab
  artifactKey: Guid(ad182cc030f80d2418924040efeaaedb) Importer(2089858483,b0f066a214c2f5e87bad3c948f4d605d)
Start importing Assets/BrokenVector/LowPolyRoadPack/Prefabs/Freeway Straight 1.prefab using Guid(ad182cc030f80d2418924040efeaaedb) Importer(2089858483,b0f066a214c2f5e87bad3c948f4d605d) (ScriptedImporter) -> (artifact id: '9e520c3c1de43d7d1aa1703d1e65db8d') in 0.0160895 seconds
Number of updated asset objects reloaded before import = 0Number of asset objects unloaded after import = 9

========================================================================
Received Import Request.
  Time since last request: 0.000036 seconds.
  path: Assets/BrokenVector/LowPolyRoadPack/Models/SingleLane S-Curve.dae
  artifactKey: Guid(e033f669abc057d4ab3801af0792f88a) Importer(2089858483,b0f066a214c2f5e87bad3c948f4d605d)
Start importing Assets/BrokenVector/LowPolyRoadPack/Models/SingleLane S-Curve.dae using Guid(e033f669abc057d4ab3801af0792f88a) Importer(2089858483,b0f066a214c2f5e87bad3c948f4d605d) (ScriptedImporter) -> (artifact id: '6a67de52c6f205a520a1c4fc6c29c8a5') in 0.0182189 seconds
Number of updated asset objects reloaded before import = 0Number of asset objects unloaded after import = 8

========================================================================
Received Import Request.
  Time since last request: 0.000054 seconds.
  path: Assets/BrokenVector/LowPolyRoadPack/Models/Road Curve.dae
  artifactKey: Guid(391f4d072c0c3df4884006cdbef382ba) Importer(2089858483,b0f066a214c2f5e87bad3c948f4d605d)
Start importing Assets/BrokenVector/LowPolyRoadPack/Models/Road Curve.dae using Guid(391f4d072c0c3df4884006cdbef382ba) Importer(2089858483,b0f066a214c2f5e87bad3c948f4d605d) (ScriptedImporter) -> (artifact id: 'f8584013121fe45cc4a71e4f52119d05') in 0.0250492 seconds
Number of updated asset objects reloaded before import = 0Number of asset objects unloaded after import = 8

========================================================================
Received Import Request.
  Time since last request: 0.000034 seconds.
  path: Assets/BrokenVector/LowPolyRoadPack/Textures/Road Colorscheme.png
  artifactKey: Guid(ee1b8ae61c20d994aa45384f1afaaaed) Importer(2089858483,b0f066a214c2f5e87bad3c948f4d605d)
Start importing Assets/BrokenVector/LowPolyRoadPack/Textures/Road Colorscheme.png using Guid(ee1b8ae61c20d994aa45384f1afaaaed) Importer(2089858483,b0f066a214c2f5e87bad3c948f4d605d) (ScriptedImporter) -> (artifact id: 'e8a60159105e3a09b9c35792aecf0adc') in 0.0525109 seconds
Number of updated asset objects reloaded before import = 0Number of asset objects unloaded after import = 1

========================================================================
Received Import Request.
  Time since last request: 0.000018 seconds.
  path: Assets/BrokenVector/LowPolyRoadPack/Demo/Materials
  artifactKey: Guid(a701ec118f22d304eb990887be6b1a7e) Importer(2089858483,b0f066a214c2f5e87bad3c948f4d605d)
Start importing Assets/BrokenVector/LowPolyRoadPack/Demo/Materials using Guid(a701ec118f22d304eb990887be6b1a7e) Importer(2089858483,b0f066a214c2f5e87bad3c948f4d605d) (ScriptedImporter) -> (artifact id: '2b901edf265f52162d814f4e381aed5a') in 0.0099607 seconds
Number of updated asset objects reloaded before import = 0Number of asset objects unloaded after import = 1

========================================================================
Received Import Request.
  Time since last request: 0.000026 seconds.
  path: Assets/BrokenVector/LowPolyRoadPack/Prefabs/Highway Curve 2.prefab
  artifactKey: Guid(e22ea203430a7754fa2d9f5192effac9) Importer(2089858483,b0f066a214c2f5e87bad3c948f4d605d)
Start importing Assets/BrokenVector/LowPolyRoadPack/Prefabs/Highway Curve 2.prefab using Guid(e22ea203430a7754fa2d9f5192effac9) Importer(2089858483,b0f066a214c2f5e87bad3c948f4d605d) (ScriptedImporter) -> (artifact id: 'd531ff8c09fb8afb5e94d030c273e585') in 0.0244651 seconds
Number of updated asset objects reloaded before import = 0Number of asset objects unloaded after import = 10

========================================================================
Received Import Request.
  Time since last request: 0.000030 seconds.
  path: Assets/BrokenVector/LowPolyRoadPack/Models/SingleLane Cross SingleLane.dae
  artifactKey: Guid(36d41065887b764468cd330f24e28531) Importer(2089858483,b0f066a214c2f5e87bad3c948f4d605d)
Start importing Assets/BrokenVector/LowPolyRoadPack/Models/SingleLane Cross SingleLane.dae using Guid(36d41065887b764468cd330f24e28531) Importer(2089858483,b0f066a214c2f5e87bad3c948f4d605d) (ScriptedImporter) -> (artifact id: '4d87adb4be1efc84ef58b034556c2e72') in 0.0219345 seconds
Number of updated asset objects reloaded before import = 0Number of asset objects unloaded after import = 8

========================================================================
Received Import Request.
  Time since last request: 0.000070 seconds.
  path: Assets/BrokenVector/LowPolyRoadPack/Prefabs/Highway Join Highway 1.prefab
  artifactKey: Guid(61bdc52826fce8f4d82932062de95073) Importer(2089858483,b0f066a214c2f5e87bad3c948f4d605d)
Start importing Assets/BrokenVector/LowPolyRoadPack/Prefabs/Highway Join Highway 1.prefab using Guid(61bdc52826fce8f4d82932062de95073) Importer(2089858483,b0f066a214c2f5e87bad3c948f4d605d) (ScriptedImporter) -> (artifact id: '606d813dc4fe11525a7eae57573dde1e') in 0.0182674 seconds
Number of updated asset objects reloaded before import = 0Number of asset objects unloaded after import = 10

========================================================================
Received Import Request.
  Time since last request: 0.000029 seconds.
  path: Assets/BrokenVector/LowPolyRoadPack/Demo/Landscape/Houses.005.dae
  artifactKey: Guid(9cc9d043ba5c64744aef14901c30eaca) Importer(2089858483,b0f066a214c2f5e87bad3c948f4d605d)
Start importing Assets/BrokenVector/LowPolyRoadPack/Demo/Landscape/Houses.005.dae using Guid(9cc9d043ba5c64744aef14901c30eaca) Importer(2089858483,b0f066a214c2f5e87bad3c948f4d605d) (ScriptedImporter) -> (artifact id: 'ae6fdb67f396afb6c6d9d33a1edb0740') in 0.0191351 seconds
Number of updated asset objects reloaded before import = 0Number of asset objects unloaded after import = 9

========================================================================
Received Import Request.
  Time since last request: 0.000037 seconds.
  path: Assets/BrokenVector/LowPolyRoadPack/Models/Freeway Lift Highway.dae
  artifactKey: Guid(2357264b94c408a409585f9979a3990c) Importer(2089858483,b0f066a214c2f5e87bad3c948f4d605d)
Start importing Assets/BrokenVector/LowPolyRoadPack/Models/Freeway Lift Highway.dae using Guid(2357264b94c408a409585f9979a3990c) Importer(2089858483,b0f066a214c2f5e87bad3c948f4d605d) (ScriptedImporter) -> (artifact id: '74faa00bf749b4f86daa2d370ce68d6c') in 0.0231252 seconds
Number of updated asset objects reloaded before import = 0Number of asset objects unloaded after import = 8

========================================================================
Received Import Request.
  Time since last request: 0.000033 seconds.
  path: Assets/BrokenVector/LowPolyRoadPack/Demo/Low Poly Road Pack Demo.unity
  artifactKey: Guid(8d68a8c139112ee4387ec230ac89a4a2) Importer(2089858483,b0f066a214c2f5e87bad3c948f4d605d)
Start importing Assets/BrokenVector/LowPolyRoadPack/Demo/Low Poly Road Pack Demo.unity using Guid(8d68a8c139112ee4387ec230ac89a4a2) Importer(2089858483,b0f066a214c2f5e87bad3c948f4d605d) (ScriptedImporter) -> (artifact id: 'df8454ef10a3af2be593dc811f938fa1') in 0.0278455 seconds
Number of updated asset objects reloaded before import = 0Number of asset objects unloaded after import = 1

========================================================================
Received Import Request.
  Time since last request: 0.000031 seconds.
  path: Assets/BrokenVector/LowPolyRoadPack/Demo/Textures
  artifactKey: Guid(4cab1d751572d5f43bfeafe7ab041dc5) Importer(2089858483,b0f066a214c2f5e87bad3c948f4d605d)
Start importing Assets/BrokenVector/LowPolyRoadPack/Demo/Textures using Guid(4cab1d751572d5f43bfeafe7ab041dc5) Importer(2089858483,b0f066a214c2f5e87bad3c948f4d605d) (ScriptedImporter) -> (artifact id: 'e35cbb900553eb4ddf2c142a9a1fbae0') in 0.012209 seconds
Number of updated asset objects reloaded before import = 0Number of asset objects unloaded after import = 1

========================================================================
Received Import Request.
  Time since last request: 0.000032 seconds.
  path: Assets/BrokenVector/LowPolyRoadPack/Prefabs/Tunnel Entrance 1.prefab
  artifactKey: Guid(ceba717d01c1fa1458e34f93acc30651) Importer(2089858483,b0f066a214c2f5e87bad3c948f4d605d)
Start importing Assets/BrokenVector/LowPolyRoadPack/Prefabs/Tunnel Entrance 1.prefab using Guid(ceba717d01c1fa1458e34f93acc30651) Importer(2089858483,b0f066a214c2f5e87bad3c948f4d605d) (ScriptedImporter) -> (artifact id: '6286d09d74b472360bf7614b9c9cbac9') in 0.0154142 seconds
Number of updated asset objects reloaded before import = 0Number of asset objects unloaded after import = 9

========================================================================
Received Import Request.
  Time since last request: 0.000031 seconds.
  path: Assets/BrokenVector/LowPolyRoadPack/Prefabs/SingleLane Curve.prefab
  artifactKey: Guid(12f915ef0d4a22244967366bf9764406) Importer(2089858483,b0f066a214c2f5e87bad3c948f4d605d)
Start importing Assets/BrokenVector/LowPolyRoadPack/Prefabs/SingleLane Curve.prefab using Guid(12f915ef0d4a22244967366bf9764406) Importer(2089858483,b0f066a214c2f5e87bad3c948f4d605d) (ScriptedImporter) -> (artifact id: 'd240665a200e55f2e5dbe36cb7d535b9') in 0.0151089 seconds
Number of updated asset objects reloaded before import = 0Number of asset objects unloaded after import = 9

========================================================================
Received Import Request.
  Time since last request: 0.000025 seconds.
  path: Assets/BrokenVector/LowPolyRoadPack/Models/Parkinglot Corner 2.dae
  artifactKey: Guid(e7dfa1315d7d3164fb4e39956f2357ee) Importer(2089858483,b0f066a214c2f5e87bad3c948f4d605d)
Start importing Assets/BrokenVector/LowPolyRoadPack/Models/Parkinglot Corner 2.dae using Guid(e7dfa1315d7d3164fb4e39956f2357ee) Importer(2089858483,b0f066a214c2f5e87bad3c948f4d605d) (ScriptedImporter) -> (artifact id: 'cb8d35920045086792afa8c12eaae4a8') in 0.0203809 seconds
Number of updated asset objects reloaded before import = 0Number of asset objects unloaded after import = 8

========================================================================
Received Import Request.
  Time since last request: 0.000033 seconds.
  path: Assets/BrokenVector/LowPolyRoadPack/Models/Road Lift Highway.dae
  artifactKey: Guid(ebec32a200e40f84ba441fb26dd604c8) Importer(2089858483,b0f066a214c2f5e87bad3c948f4d605d)
Start importing Assets/BrokenVector/LowPolyRoadPack/Models/Road Lift Highway.dae using Guid(ebec32a200e40f84ba441fb26dd604c8) Importer(2089858483,b0f066a214c2f5e87bad3c948f4d605d) (ScriptedImporter) -> (artifact id: '43f5e8fcf0f3e9ce6c2e692cbe977bda') in 0.0235125 seconds
Number of updated asset objects reloaded before import = 0Number of asset objects unloaded after import = 8

========================================================================
Received Import Request.
  Time since last request: 0.000051 seconds.
  path: Assets/BrokenVector/LowPolyRoadPack/Prefabs/SingleLane End.prefab
  artifactKey: Guid(fc2ff23d1db8b1445bbc99fccb47754c) Importer(2089858483,b0f066a214c2f5e87bad3c948f4d605d)
Start importing Assets/BrokenVector/LowPolyRoadPack/Prefabs/SingleLane End.prefab using Guid(fc2ff23d1db8b1445bbc99fccb47754c) Importer(2089858483,b0f066a214c2f5e87bad3c948f4d605d) (ScriptedImporter) -> (artifact id: '4bc5ed43b1f7aa372218661ddb31a974') in 0.0231436 seconds
Number of updated asset objects reloaded before import = 0Number of asset objects unloaded after import = 9

========================================================================
Received Import Request.
  Time since last request: 252.698756 seconds.
  path: Assets/BrokenVector/LowPolyRoadPack
  artifactKey: Guid(e7936b04baec8e74a8c44bdfaa78534f) Importer(815301076,1909f56bfc062723c751e8b465ee728b)
Start importing Assets/BrokenVector/LowPolyRoadPack using Guid(e7936b04baec8e74a8c44bdfaa78534f) Importer(815301076,1909f56bfc062723c751e8b465ee728b) (PreviewImporter) -> (artifact id: '5be169ba9dc356d1327c441a60f08fb8') in 0.0010688 seconds
Number of updated asset objects reloaded before import = 0Number of asset objects unloaded after import = 0

========================================================================
Received Import Request.
  Time since last request: 6.717307 seconds.
  path: Assets/BrokenVector/LowPolyRoadPack/Demo
  artifactKey: Guid(2469141f37ffafb4784fc96766e97a58) Importer(815301076,1909f56bfc062723c751e8b465ee728b)
Start importing Assets/BrokenVector/LowPolyRoadPack/Demo using Guid(2469141f37ffafb4784fc96766e97a58) Importer(815301076,1909f56bfc062723c751e8b465ee728b) (PreviewImporter) -> (artifact id: '567607484fbde9f00f0707a1097deb42') in 0.0007477 seconds
Number of updated asset objects reloaded before import = 0Number of asset objects unloaded after import = 0

========================================================================
Received Import Request.
  Time since last request: 3.829340 seconds.
  path: Assets/BrokenVector/LowPolyRoadPack/Materials
  artifactKey: Guid(2aef06908a9ea5747aae481d62955db4) Importer(815301076,1909f56bfc062723c751e8b465ee728b)
Start importing Assets/BrokenVector/LowPolyRoadPack/Materials using Guid(2aef06908a9ea5747aae481d62955db4) Importer(815301076,1909f56bfc062723c751e8b465ee728b) (PreviewImporter) -> (artifact id: '2b09d414bb9a503436ee5797b36c91ea') in 0.0007528 seconds
Number of updated asset objects reloaded before import = 0Number of asset objects unloaded after import = 0

========================================================================
Received Import Request.
  Time since last request: 0.122943 seconds.
  path: Assets/BrokenVector/LowPolyRoadPack/Materials/Car Colorscheme 1.mat
  artifactKey: Guid(3889c423b8feed645aeba90d0e940408) Importer(815301076,1909f56bfc062723c751e8b465ee728b)
Start importing Assets/BrokenVector/LowPolyRoadPack/Materials/Car Colorscheme 1.mat using Guid(3889c423b8feed645aeba90d0e940408) Importer(815301076,1909f56bfc062723c751e8b465ee728b) (PreviewImporter) -> (artifact id: '4aebb44fbd91ae6b0c48335c241515c4') in 0.5235907 seconds
Number of updated asset objects reloaded before import = 0Number of asset objects unloaded after import = 2

========================================================================
Received Import Request.
  Time since last request: 7.397595 seconds.
  path: Assets/BrokenVector/Materials
  artifactKey: Guid(2aef06908a9ea5747aae481d62955db4) Importer(2089858483,b0f066a214c2f5e87bad3c948f4d605d)
Start importing Assets/BrokenVector/Materials using Guid(2aef06908a9ea5747aae481d62955db4) Importer(2089858483,b0f066a214c2f5e87bad3c948f4d605d) (ScriptedImporter) -> (artifact id: '68e1859cb9be9c4ac674bf653e57489d') in 0.0123479 seconds
Number of updated asset objects reloaded before import = 0Number of asset objects unloaded after import = 1

========================================================================
Received Import Request.
  Time since last request: 0.000054 seconds.
  path: Assets/BrokenVector/Materials/Car Colorscheme 2.mat
  artifactKey: Guid(1968bf9d74d362c408b28c15132baaaa) Importer(2089858483,b0f066a214c2f5e87bad3c948f4d605d)
Start importing Assets/BrokenVector/Materials/Car Colorscheme 2.mat using Guid(1968bf9d74d362c408b28c15132baaaa) Importer(2089858483,b0f066a214c2f5e87bad3c948f4d605d) (ScriptedImporter) -> (artifact id: '75d12f116499b6b65bdeee52449e239c') in 0.0129767 seconds
Number of updated asset objects reloaded before import = 0Number of asset objects unloaded after import = 2

========================================================================
Received Import Request.
  Time since last request: 0.000033 seconds.
  path: Assets/BrokenVector/Materials/Light.mat
  artifactKey: Guid(b73916d937ddb5b428608e0d5072412b) Importer(2089858483,b0f066a214c2f5e87bad3c948f4d605d)
Start importing Assets/BrokenVector/Materials/Light.mat using Guid(b73916d937ddb5b428608e0d5072412b) Importer(2089858483,b0f066a214c2f5e87bad3c948f4d605d) (ScriptedImporter) -> (artifact id: '7cb1e585575dd2294fcf1e1e0ab22a77') in 0.0142911 seconds
Number of updated asset objects reloaded before import = 0Number of asset objects unloaded after import = 2

========================================================================
Received Import Request.
  Time since last request: 5.978592 seconds.
  path: Assets/BrokenVector/LowPolyRoadPack/Models/Car 1.dae
  artifactKey: Guid(26e8d194fbf5bca409d8e2a931e7a028) Importer(815301076,1909f56bfc062723c751e8b465ee728b)
Start importing Assets/BrokenVector/LowPolyRoadPack/Models/Car 1.dae using Guid(26e8d194fbf5bca409d8e2a931e7a028) Importer(815301076,1909f56bfc062723c751e8b465ee728b) (PreviewImporter) -> (artifact id: '1c09df9b2ef1d89759aa8d4b3bfe8c00') in 0.3370959 seconds
Number of updated asset objects reloaded before import = 0Number of asset objects unloaded after import = 34

========================================================================
Received Import Request.
  Time since last request: 0.000072 seconds.
  path: Assets/BrokenVector/LowPolyRoadPack/Models/Road S-Curve.dae
  artifactKey: Guid(1f10034eb2d822e47b73756fa15f8b69) Importer(815301076,1909f56bfc062723c751e8b465ee728b)
Start importing Assets/BrokenVector/LowPolyRoadPack/Models/Road S-Curve.dae using Guid(1f10034eb2d822e47b73756fa15f8b69) Importer(815301076,1909f56bfc062723c751e8b465ee728b) (PreviewImporter) -> (artifact id: '11848c2818b4733d33bdc0b5bf97500a') in 0.0293492 seconds
Number of updated asset objects reloaded before import = 0Number of asset objects unloaded after import = 8

========================================================================
Received Import Request.
  Time since last request: 0.000058 seconds.
  path: Assets/BrokenVector/LowPolyRoadPack/Models/Highway Curve 1.dae
  artifactKey: Guid(861ccec3a0efad5458d9082800f92467) Importer(815301076,1909f56bfc062723c751e8b465ee728b)
Start importing Assets/BrokenVector/LowPolyRoadPack/Models/Highway Curve 1.dae using Guid(861ccec3a0efad5458d9082800f92467) Importer(815301076,1909f56bfc062723c751e8b465ee728b) (PreviewImporter) -> (artifact id: '8b0a90818580058cee96b9d1ee2558d9') in 0.0262119 seconds
Number of updated asset objects reloaded before import = 0Number of asset objects unloaded after import = 8

========================================================================
Received Import Request.
  Time since last request: 0.000054 seconds.
  path: Assets/BrokenVector/LowPolyRoadPack/Models/Road Cross SIngleLane.dae
  artifactKey: Guid(24e6433201fc69a44bf1c8f256d8b997) Importer(815301076,1909f56bfc062723c751e8b465ee728b)
Start importing Assets/BrokenVector/LowPolyRoadPack/Models/Road Cross SIngleLane.dae using Guid(24e6433201fc69a44bf1c8f256d8b997) Importer(815301076,1909f56bfc062723c751e8b465ee728b) (PreviewImporter) -> (artifact id: '6ae2b045bcc43db685871e329d5228e3') in 0.0210563 seconds
Number of updated asset objects reloaded before import = 0Number of asset objects unloaded after import = 8

========================================================================
Received Import Request.
  Time since last request: 0.000042 seconds.
  path: Assets/BrokenVector/LowPolyRoadPack/Models/Parkinglot Edge 1.dae
  artifactKey: Guid(71a6712b53f17d642b18dd7dd3873131) Importer(815301076,1909f56bfc062723c751e8b465ee728b)
Start importing Assets/BrokenVector/LowPolyRoadPack/Models/Parkinglot Edge 1.dae using Guid(71a6712b53f17d642b18dd7dd3873131) Importer(815301076,1909f56bfc062723c751e8b465ee728b) (PreviewImporter) -> (artifact id: 'd09e5685522563dc7db36928916c2a24') in 0.0233227 seconds
Number of updated asset objects reloaded before import = 0Number of asset objects unloaded after import = 8

========================================================================
Received Import Request.
  Time since last request: 0.000040 seconds.
  path: Assets/BrokenVector/LowPolyRoadPack/Models/Road Straight 1.dae
  artifactKey: Guid(b4923c0dba942fa43a6c6e6831a89113) Importer(815301076,1909f56bfc062723c751e8b465ee728b)
Start importing Assets/BrokenVector/LowPolyRoadPack/Models/Road Straight 1.dae using Guid(b4923c0dba942fa43a6c6e6831a89113) Importer(815301076,1909f56bfc062723c751e8b465ee728b) (PreviewImporter) -> (artifact id: 'ba41c930a9554cccb20c0b2ae000e0d1') in 0.0271618 seconds
Number of updated asset objects reloaded before import = 0Number of asset objects unloaded after import = 8

========================================================================
Received Import Request.
  Time since last request: 0.000063 seconds.
  path: Assets/BrokenVector/LowPolyRoadPack/Models/Parkinglot Edge 2.dae
  artifactKey: Guid(f05a64e3c823b5247ad0f4f8f37f52f1) Importer(815301076,1909f56bfc062723c751e8b465ee728b)
Start importing Assets/BrokenVector/LowPolyRoadPack/Models/Parkinglot Edge 2.dae using Guid(f05a64e3c823b5247ad0f4f8f37f52f1) Importer(815301076,1909f56bfc062723c751e8b465ee728b) (PreviewImporter) -> (artifact id: 'c163d5b141a3d52675c39ad43ff5b2fb') in 0.0271721 seconds
Number of updated asset objects reloaded before import = 0Number of asset objects unloaded after import = 8

========================================================================
Received Import Request.
  Time since last request: 0.000061 seconds.
  path: Assets/BrokenVector/LowPolyRoadPack/Models/Highway Join Road.dae
  artifactKey: Guid(0c21f7d1828800d44a5452b9bca476f4) Importer(815301076,1909f56bfc062723c751e8b465ee728b)
Start importing Assets/BrokenVector/LowPolyRoadPack/Models/Highway Join Road.dae using Guid(0c21f7d1828800d44a5452b9bca476f4) Importer(815301076,1909f56bfc062723c751e8b465ee728b) (PreviewImporter) -> (artifact id: '3c30b787b8bdbb9fbcb5728df1986446') in 0.0263265 seconds
Number of updated asset objects reloaded before import = 0Number of asset objects unloaded after import = 8

========================================================================
Received Import Request.
  Time since last request: 0.000036 seconds.
  path: Assets/BrokenVector/LowPolyRoadPack/Models/Parkinglot Corner 3.dae
  artifactKey: Guid(1adf648894424ae47bca5445562efba8) Importer(815301076,1909f56bfc062723c751e8b465ee728b)
Start importing Assets/BrokenVector/LowPolyRoadPack/Models/Parkinglot Corner 3.dae using Guid(1adf648894424ae47bca5445562efba8) Importer(815301076,1909f56bfc062723c751e8b465ee728b) (PreviewImporter) -> (artifact id: '0bdc8eb22fa3750bfb857e9866907709') in 0.0253309 seconds
Number of updated asset objects reloaded before import = 0Number of asset objects unloaded after import = 8

========================================================================
Received Import Request.
  Time since last request: 0.000051 seconds.
  path: Assets/BrokenVector/LowPolyRoadPack/Models/Highway Cross Road.dae
  artifactKey: Guid(cfcf77940ff021942bc50517e56d54cb) Importer(815301076,1909f56bfc062723c751e8b465ee728b)
Start importing Assets/BrokenVector/LowPolyRoadPack/Models/Highway Cross Road.dae using Guid(cfcf77940ff021942bc50517e56d54cb) Importer(815301076,1909f56bfc062723c751e8b465ee728b) (PreviewImporter) -> (artifact id: '71ade6787bfcfcf70a023aaccece37ee') in 0.0256148 seconds
Number of updated asset objects reloaded before import = 0Number of asset objects unloaded after import = 8

========================================================================
Received Import Request.
  Time since last request: 0.000061 seconds.
  path: Assets/BrokenVector/LowPolyRoadPack/Models/Highway Join Highway 1.dae
  artifactKey: Guid(a17f37812c6482942b2b08f8a4b9d2c4) Importer(815301076,1909f56bfc062723c751e8b465ee728b)
Start importing Assets/BrokenVector/LowPolyRoadPack/Models/Highway Join Highway 1.dae using Guid(a17f37812c6482942b2b08f8a4b9d2c4) Importer(815301076,1909f56bfc062723c751e8b465ee728b) (PreviewImporter) -> (artifact id: '9e0145d13e0197717510df3ebe0b9c33') in 0.0255454 seconds
Number of updated asset objects reloaded before import = 0Number of asset objects unloaded after import = 8

========================================================================
Received Import Request.
  Time since last request: 0.000080 seconds.
  path: Assets/BrokenVector/LowPolyRoadPack/Models/Road Cross Road.dae
  artifactKey: Guid(8a74d4154e3078a498c1bf96dc3d1660) Importer(815301076,1909f56bfc062723c751e8b465ee728b)
Start importing Assets/BrokenVector/LowPolyRoadPack/Models/Road Cross Road.dae using Guid(8a74d4154e3078a498c1bf96dc3d1660) Importer(815301076,1909f56bfc062723c751e8b465ee728b) (PreviewImporter) -> (artifact id: '6d33392e5d00bcfbbd34228be1acf787') in 0.0236099 seconds
Number of updated asset objects reloaded before import = 0Number of asset objects unloaded after import = 8

========================================================================
Received Import Request.
  Time since last request: 0.000071 seconds.
  path: Assets/BrokenVector/LowPolyRoadPack/Models/Highway Cross Freeway.dae
  artifactKey: Guid(0505729b78e21cd4487c9a4940bea4db) Importer(815301076,1909f56bfc062723c751e8b465ee728b)
Start importing Assets/BrokenVector/LowPolyRoadPack/Models/Highway Cross Freeway.dae using Guid(0505729b78e21cd4487c9a4940bea4db) Importer(815301076,1909f56bfc062723c751e8b465ee728b) (PreviewImporter) -> (artifact id: 'c949d8abe639e9fb35a64801b263b3d5') in 0.0232638 seconds
Number of updated asset objects reloaded before import = 0Number of asset objects unloaded after import = 8

========================================================================
Received Import Request.
  Time since last request: 0.000036 seconds.
  path: Assets/BrokenVector/LowPolyRoadPack/Models/Parkinglot Center 2.dae
  artifactKey: Guid(76b865b0d72af07469dfd0128ca936bd) Importer(815301076,1909f56bfc062723c751e8b465ee728b)
Start importing Assets/BrokenVector/LowPolyRoadPack/Models/Parkinglot Center 2.dae using Guid(76b865b0d72af07469dfd0128ca936bd) Importer(815301076,1909f56bfc062723c751e8b465ee728b) (PreviewImporter) -> (artifact id: '03db384b9f35c626efcd0a44a354335f') in 0.0199835 seconds
Number of updated asset objects reloaded before import = 0Number of asset objects unloaded after import = 8

========================================================================
Received Import Request.
  Time since last request: 0.000029 seconds.
  path: Assets/BrokenVector/LowPolyRoadPack/Models/Highway Join Highway 2.dae
  artifactKey: Guid(df7aef7b3f5b34f438e1f16d9f25c832) Importer(815301076,1909f56bfc062723c751e8b465ee728b)
Start importing Assets/BrokenVector/LowPolyRoadPack/Models/Highway Join Highway 2.dae using Guid(df7aef7b3f5b34f438e1f16d9f25c832) Importer(815301076,1909f56bfc062723c751e8b465ee728b) (PreviewImporter) -> (artifact id: 'eefe3f0700ae85f5c64701a509984842') in 0.0199971 seconds
Number of updated asset objects reloaded before import = 0Number of asset objects unloaded after import = 8

========================================================================
Received Import Request.
  Time since last request: 0.000030 seconds.
  path: Assets/BrokenVector/LowPolyRoadPack/Models/Road Jump.dae
  artifactKey: Guid(0f18aa325d40e124db7ca43efb3adacf) Importer(815301076,1909f56bfc062723c751e8b465ee728b)
Start importing Assets/BrokenVector/LowPolyRoadPack/Models/Road Jump.dae using Guid(0f18aa325d40e124db7ca43efb3adacf) Importer(815301076,1909f56bfc062723c751e8b465ee728b) (PreviewImporter) -> (artifact id: '65b76c191a5a7e16206b44a092bcd428') in 0.0179023 seconds
Number of updated asset objects reloaded before import = 0Number of asset objects unloaded after import = 8

========================================================================
Received Import Request.
  Time since last request: 0.000048 seconds.
  path: Assets/BrokenVector/LowPolyRoadPack/Models/Freeway S-Curve.dae
  artifactKey: Guid(a6f8c6c7f9b109c45b54b4ea3ab2256b) Importer(815301076,1909f56bfc062723c751e8b465ee728b)
Start importing Assets/BrokenVector/LowPolyRoadPack/Models/Freeway S-Curve.dae using Guid(a6f8c6c7f9b109c45b54b4ea3ab2256b) Importer(815301076,1909f56bfc062723c751e8b465ee728b) (PreviewImporter) -> (artifact id: 'c5c40426e81aeec80d5ce5a4d95cba10') in 0.0210934 seconds
Number of updated asset objects reloaded before import = 0Number of asset objects unloaded after import = 8

========================================================================
Received Import Request.
  Time since last request: 0.000029 seconds.
  path: Assets/BrokenVector/LowPolyRoadPack/Models/Highway Cross Highway.dae
  artifactKey: Guid(9737ab9f3cf9c0b4d87af4f5b0108b28) Importer(815301076,1909f56bfc062723c751e8b465ee728b)
Start importing Assets/BrokenVector/LowPolyRoadPack/Models/Highway Cross Highway.dae using Guid(9737ab9f3cf9c0b4d87af4f5b0108b28) Importer(815301076,1909f56bfc062723c751e8b465ee728b) (PreviewImporter) -> (artifact id: '3cce17f67b1e6f1d8f28f801839a3c17') in 0.0191915 seconds
Number of updated asset objects reloaded before import = 0Number of asset objects unloaded after import = 8

========================================================================
Received Import Request.
  Time since last request: 0.000039 seconds.
  path: Assets/BrokenVector/LowPolyRoadPack/Models/Road Curve.dae
  artifactKey: Guid(391f4d072c0c3df4884006cdbef382ba) Importer(815301076,1909f56bfc062723c751e8b465ee728b)
Start importing Assets/BrokenVector/LowPolyRoadPack/Models/Road Curve.dae using Guid(391f4d072c0c3df4884006cdbef382ba) Importer(815301076,1909f56bfc062723c751e8b465ee728b) (PreviewImporter) -> (artifact id: '1200b2ad219d21f9ba9787ba2cbfdd95') in 0.0245067 seconds
Number of updated asset objects reloaded before import = 0Number of asset objects unloaded after import = 8

========================================================================
Received Import Request.
  Time since last request: 0.000036 seconds.
  path: Assets/BrokenVector/LowPolyRoadPack/Models/Road Join SIngleLane.dae
  artifactKey: Guid(b85b6366741d14e4a96828e1afad90e0) Importer(815301076,1909f56bfc062723c751e8b465ee728b)
Start importing Assets/BrokenVector/LowPolyRoadPack/Models/Road Join SIngleLane.dae using Guid(b85b6366741d14e4a96828e1afad90e0) Importer(815301076,1909f56bfc062723c751e8b465ee728b) (PreviewImporter) -> (artifact id: '3e17700513d2d64aa9f398992515dfa1') in 0.0262015 seconds
Number of updated asset objects reloaded before import = 0Number of asset objects unloaded after import = 8

========================================================================
Received Import Request.
  Time since last request: 15.271781 seconds.
  path: Assets/BrokenVector/LowPolyRoadPack/Models/Road Straight 2.dae
  artifactKey: Guid(23337dac036abd34499f9f5131a19858) Importer(815301076,1909f56bfc062723c751e8b465ee728b)
Start importing Assets/BrokenVector/LowPolyRoadPack/Models/Road Straight 2.dae using Guid(23337dac036abd34499f9f5131a19858) Importer(815301076,1909f56bfc062723c751e8b465ee728b) (PreviewImporter) -> (artifact id: '461f30bcfbcdca52d52cd1627068ac18') in 0.0429057 seconds
Number of updated asset objects reloaded before import = 0Number of asset objects unloaded after import = 8

========================================================================
Received Import Request.
  Time since last request: 0.000036 seconds.
  path: Assets/BrokenVector/LowPolyRoadPack/Models/Tunnel Entrance 1.dae
  artifactKey: Guid(0b3034fd1a5bb254d8e081e8634d075f) Importer(815301076,1909f56bfc062723c751e8b465ee728b)
Start importing Assets/BrokenVector/LowPolyRoadPack/Models/Tunnel Entrance 1.dae using Guid(0b3034fd1a5bb254d8e081e8634d075f) Importer(815301076,1909f56bfc062723c751e8b465ee728b) (PreviewImporter) -> (artifact id: '1aaa64555c6aaaf0ef3a28b4b2460e08') in 0.0271743 seconds
Number of updated asset objects reloaded before import = 0Number of asset objects unloaded after import = 8

========================================================================
Received Import Request.
  Time since last request: 0.000041 seconds.
  path: Assets/BrokenVector/LowPolyRoadPack/Models/Tunnel Curve.dae
  artifactKey: Guid(e8591f65a7fdd114bba6dd41852de0a5) Importer(815301076,1909f56bfc062723c751e8b465ee728b)
Start importing Assets/BrokenVector/LowPolyRoadPack/Models/Tunnel Curve.dae using Guid(e8591f65a7fdd114bba6dd41852de0a5) Importer(815301076,1909f56bfc062723c751e8b465ee728b) (PreviewImporter) -> (artifact id: '101d9cf7908ac6f34e689a2e74658540') in 0.0295973 seconds
Number of updated asset objects reloaded before import = 0Number of asset objects unloaded after import = 8

========================================================================
Received Import Request.
  Time since last request: 0.000028 seconds.
  path: Assets/BrokenVector/LowPolyRoadPack/Models/SingleLane S-Curve.dae
  artifactKey: Guid(e033f669abc057d4ab3801af0792f88a) Importer(815301076,1909f56bfc062723c751e8b465ee728b)
Start importing Assets/BrokenVector/LowPolyRoadPack/Models/SingleLane S-Curve.dae using Guid(e033f669abc057d4ab3801af0792f88a) Importer(815301076,1909f56bfc062723c751e8b465ee728b) (PreviewImporter) -> (artifact id: '83d76fff3cebe6ed5cfb7a3d2a5d23c9') in 0.0297534 seconds
Number of updated asset objects reloaded before import = 0Number of asset objects unloaded after import = 8

========================================================================
Received Import Request.
  Time since last request: 0.951097 seconds.
  path: Assets/BrokenVector/LowPolyRoadPack/Models/Tunnel Straight 1.dae
  artifactKey: Guid(9ebbcf9ad75b23c4b8f2a497607627bb) Importer(815301076,1909f56bfc062723c751e8b465ee728b)
Start importing Assets/BrokenVector/LowPolyRoadPack/Models/Tunnel Straight 1.dae using Guid(9ebbcf9ad75b23c4b8f2a497607627bb) Importer(815301076,1909f56bfc062723c751e8b465ee728b) (PreviewImporter) -> (artifact id: '9496f99c44a01f6a209f022115f71ea2') in 0.0195127 seconds
Number of updated asset objects reloaded before import = 0Number of asset objects unloaded after import = 8

========================================================================
Received Import Request.
  Time since last request: 615.738518 seconds.
  path: Assets/BrokenVector/Materials/Car Colorscheme 2.mat
  artifactKey: Guid(1968bf9d74d362c408b28c15132baaaa) Importer(2089858483,b0f066a214c2f5e87bad3c948f4d605d)
Start importing Assets/BrokenVector/Materials/Car Colorscheme 2.mat using Guid(1968bf9d74d362c408b28c15132baaaa) Importer(2089858483,b0f066a214c2f5e87bad3c948f4d605d) (ScriptedImporter) -> (artifact id: '7d95d136431adf82dd7410e81e4af0dc') in 0.012687 seconds
Number of updated asset objects reloaded before import = 0Number of asset objects unloaded after import = 2

========================================================================
Received Import Request.
  Time since last request: 4.632264 seconds.
  path: Assets/Palmov Island/Low Poly Environment Park/Scenes/Grass.unity
  artifactKey: Guid(41defcd485ef8514cb31cb09a0de9403) Importer(2089858483,b0f066a214c2f5e87bad3c948f4d605d)
Start importing Assets/Palmov Island/Low Poly Environment Park/Scenes/Grass.unity using Guid(41defcd485ef8514cb31cb09a0de9403) Importer(2089858483,b0f066a214c2f5e87bad3c948f4d605d) (ScriptedImporter) -> (artifact id: 'ee8921d002bcd0bc16427a6990116c27') in 0.0208313 seconds
Number of updated asset objects reloaded before import = 0Number of asset objects unloaded after import = 1

========================================================================
Received Import Request.
  Time since last request: 0.000026 seconds.
  path: Assets/Palmov Island/Low Poly Environment Park/Models/Trees/palm tree.fbx
  artifactKey: Guid(4ae4eca6f92249347b03d45d75210ec6) Importer(2089858483,b0f066a214c2f5e87bad3c948f4d605d)
Start importing Assets/Palmov Island/Low Poly Environment Park/Models/Trees/palm tree.fbx using Guid(4ae4eca6f92249347b03d45d75210ec6) Importer(2089858483,b0f066a214c2f5e87bad3c948f4d605d) (ScriptedImporter) -> (artifact id: '03362de9914145ab7692cfbd8445eff8') in 0.022379 seconds
Number of updated asset objects reloaded before import = 0Number of asset objects unloaded after import = 8

========================================================================
Received Import Request.
  Time since last request: 0.000069 seconds.
  path: Assets/Palmov Island/Low Poly Environment Park/Prefabs/Trees/japanese deciduous tree.prefab
  artifactKey: Guid(29d299ac32b5f83489084748c806a29b) Importer(2089858483,b0f066a214c2f5e87bad3c948f4d605d)
Start importing Assets/Palmov Island/Low Poly Environment Park/Prefabs/Trees/japanese deciduous tree.prefab using Guid(29d299ac32b5f83489084748c806a29b) Importer(2089858483,b0f066a214c2f5e87bad3c948f4d605d) (ScriptedImporter) -> (artifact id: '741b2f621c157d5501344d45b1494401') in 0.0195393 seconds
Number of updated asset objects reloaded before import = 0Number of asset objects unloaded after import = 9

========================================================================
Received Import Request.
  Time since last request: 0.000055 seconds.
  path: Assets/Palmov Island/Low Poly Environment Park/Models/Park grounds/ground park 2.fbx
  artifactKey: Guid(5dc954c13297bd14da4f7822edc06fcd) Importer(2089858483,b0f066a214c2f5e87bad3c948f4d605d)
Start importing Assets/Palmov Island/Low Poly Environment Park/Models/Park grounds/ground park 2.fbx using Guid(5dc954c13297bd14da4f7822edc06fcd) Importer(2089858483,b0f066a214c2f5e87bad3c948f4d605d) (ScriptedImporter) -> (artifact id: '91651b4b962cf762518c23b8125f7b21') in 0.0352801 seconds
Number of updated asset objects reloaded before import = 0Number of asset objects unloaded after import = 8

========================================================================
Received Import Request.
  Time since last request: 0.000060 seconds.
  path: Assets/Palmov Island/Low Poly Environment Park/Prefabs/Trees/fir tree 2.prefab
  artifactKey: Guid(a36435a2f79d1f84d88f03fd9c81e176) Importer(2089858483,b0f066a214c2f5e87bad3c948f4d605d)
Start importing Assets/Palmov Island/Low Poly Environment Park/Prefabs/Trees/fir tree 2.prefab using Guid(a36435a2f79d1f84d88f03fd9c81e176) Importer(2089858483,b0f066a214c2f5e87bad3c948f4d605d) (ScriptedImporter) -> (artifact id: '850d5a980644c16dda88952432b21c53') in 0.0193973 seconds
Number of updated asset objects reloaded before import = 0Number of asset objects unloaded after import = 9

========================================================================
Received Import Request.
  Time since last request: 0.000035 seconds.
  path: Assets/Palmov Island/Low Poly Environment Park/Prefabs/Trees/tree without leaves 2.prefab
  artifactKey: Guid(cc9fadb8a79caa94992903911ee6d7d7) Importer(2089858483,b0f066a214c2f5e87bad3c948f4d605d)
Start importing Assets/Palmov Island/Low Poly Environment Park/Prefabs/Trees/tree without leaves 2.prefab using Guid(cc9fadb8a79caa94992903911ee6d7d7) Importer(2089858483,b0f066a214c2f5e87bad3c948f4d605d) (ScriptedImporter) -> (artifact id: '17acdeea5aacc2110be056167248181e') in 0.0171828 seconds
Number of updated asset objects reloaded before import = 0Number of asset objects unloaded after import = 9

========================================================================
Received Import Request.
  Time since last request: 0.000059 seconds.
  path: Assets/Palmov Island/Low Poly Environment Park/Models/Park grounds/ground park 3.fbx
  artifactKey: Guid(d2a60a76befad44449f29737a21acbe0) Importer(2089858483,b0f066a214c2f5e87bad3c948f4d605d)
Start importing Assets/Palmov Island/Low Poly Environment Park/Models/Park grounds/ground park 3.fbx using Guid(d2a60a76befad44449f29737a21acbe0) Importer(2089858483,b0f066a214c2f5e87bad3c948f4d605d) (ScriptedImporter) -> (artifact id: '24a8d1b656d5f0110be6e592e06076a6') in 0.022019 seconds
Number of updated asset objects reloaded before import = 0Number of asset objects unloaded after import = 8

========================================================================
Received Import Request.
  Time since last request: 0.000060 seconds.
  path: Assets/Palmov Island/Low Poly Environment Park/Prefabs/Park grounds/ground park 4.prefab
  artifactKey: Guid(66ad3393312e59c42aa3e9ed7d7d73e0) Importer(2089858483,b0f066a214c2f5e87bad3c948f4d605d)
Start importing Assets/Palmov Island/Low Poly Environment Park/Prefabs/Park grounds/ground park 4.prefab using Guid(66ad3393312e59c42aa3e9ed7d7d73e0) Importer(2089858483,b0f066a214c2f5e87bad3c948f4d605d) (ScriptedImporter) -> (artifact id: '823f3c21499befa1dfba05c7b7c969e1') in 0.0212955 seconds
Number of updated asset objects reloaded before import = 0Number of asset objects unloaded after import = 9

========================================================================
Received Import Request.
  Time since last request: 0.000035 seconds.
  path: Assets/Palmov Island/Low Poly Environment Park/Prefabs/Trees/bonsai tree.prefab
  artifactKey: Guid(f3d7ddc35888da8418ccc87399251dcc) Importer(2089858483,b0f066a214c2f5e87bad3c948f4d605d)
Start importing Assets/Palmov Island/Low Poly Environment Park/Prefabs/Trees/bonsai tree.prefab using Guid(f3d7ddc35888da8418ccc87399251dcc) Importer(2089858483,b0f066a214c2f5e87bad3c948f4d605d) (ScriptedImporter) -> (artifact id: '1b4cf1ce77f5417e4012aec3f30283cc') in 0.0220331 seconds
Number of updated asset objects reloaded before import = 0Number of asset objects unloaded after import = 9

========================================================================
Received Import Request.
  Time since last request: 0.000072 seconds.
  path: Assets/Palmov Island/Low Poly Environment Park/Prefabs/Stones/stone 2.prefab
  artifactKey: Guid(916cd135a71750a4483f84f736ebe36d) Importer(2089858483,b0f066a214c2f5e87bad3c948f4d605d)
Start importing Assets/Palmov Island/Low Poly Environment Park/Prefabs/Stones/stone 2.prefab using Guid(916cd135a71750a4483f84f736ebe36d) Importer(2089858483,b0f066a214c2f5e87bad3c948f4d605d) (ScriptedImporter) -> (artifact id: '57010c5a89df9f368b9ad6a5f7b1ffc2') in 0.0234105 seconds
Number of updated asset objects reloaded before import = 0Number of asset objects unloaded after import = 9

========================================================================
Received Import Request.
  Time since last request: 0.000054 seconds.
  path: Assets/Palmov Island/Low Poly Environment Park/Prefabs/Trees/little palm tree.prefab
  artifactKey: Guid(e01e2263452fa0d4c949f6a536e66d45) Importer(2089858483,b0f066a214c2f5e87bad3c948f4d605d)
Start importing Assets/Palmov Island/Low Poly Environment Park/Prefabs/Trees/little palm tree.prefab using Guid(e01e2263452fa0d4c949f6a536e66d45) Importer(2089858483,b0f066a214c2f5e87bad3c948f4d605d) (ScriptedImporter) -> (artifact id: '67d3c81deab473bcefeacb4f3f5b41a5') in 0.0178156 seconds
Number of updated asset objects reloaded before import = 0Number of asset objects unloaded after import = 9

========================================================================
Received Import Request.
  Time since last request: 0.000039 seconds.
  path: Assets/Palmov Island/Low Poly Environment Park/Prefabs/Environment
  artifactKey: Guid(85fbfcdfc0a220f48bb1448060262cfe) Importer(2089858483,b0f066a214c2f5e87bad3c948f4d605d)
Start importing Assets/Palmov Island/Low Poly Environment Park/Prefabs/Environment using Guid(85fbfcdfc0a220f48bb1448060262cfe) Importer(2089858483,b0f066a214c2f5e87bad3c948f4d605d) (ScriptedImporter) -> (artifact id: 'd0f60a0beaa8b9c2437c8dded71b965d') in 0.014472 seconds
Number of updated asset objects reloaded before import = 0Number of asset objects unloaded after import = 1

========================================================================
Received Import Request.
  Time since last request: 0.000046 seconds.
  path: Assets/Palmov Island/Low Poly Environment Park/Models/Grass/grass 4.fbx
  artifactKey: Guid(97af63e2ae091c54db92acda3678e833) Importer(2089858483,b0f066a214c2f5e87bad3c948f4d605d)
Start importing Assets/Palmov Island/Low Poly Environment Park/Models/Grass/grass 4.fbx using Guid(97af63e2ae091c54db92acda3678e833) Importer(2089858483,b0f066a214c2f5e87bad3c948f4d605d) (ScriptedImporter) -> (artifact id: '1dc8cc262c79a7402ee0ac3c6f3414af') in 0.0231467 seconds
Number of updated asset objects reloaded before import = 0Number of asset objects unloaded after import = 8

========================================================================
Received Import Request.
  Time since last request: 0.000048 seconds.
  path: Assets/Palmov Island/Low Poly Environment Park/Materials
  artifactKey: Guid(96cd29f72633e44468578a65da45060e) Importer(2089858483,b0f066a214c2f5e87bad3c948f4d605d)
Start importing Assets/Palmov Island/Low Poly Environment Park/Materials using Guid(96cd29f72633e44468578a65da45060e) Importer(2089858483,b0f066a214c2f5e87bad3c948f4d605d) (ScriptedImporter) -> (artifact id: '8919dd332b693bf278c8d2901208a0a5') in 0.0136035 seconds
Number of updated asset objects reloaded before import = 0Number of asset objects unloaded after import = 1

========================================================================
Received Import Request.
  Time since last request: 0.000035 seconds.
  path: Assets/Palmov Island/Low Poly Environment Park/Models/Trees/japanese deciduous tree.fbx
  artifactKey: Guid(98b6f40612be1ed428692ea226916db8) Importer(2089858483,b0f066a214c2f5e87bad3c948f4d605d)
Start importing Assets/Palmov Island/Low Poly Environment Park/Models/Trees/japanese deciduous tree.fbx using Guid(98b6f40612be1ed428692ea226916db8) Importer(2089858483,b0f066a214c2f5e87bad3c948f4d605d) (ScriptedImporter) -> (artifact id: 'f2afa32ba0b825002dc5700bd75e39bd') in 0.020862 seconds
Number of updated asset objects reloaded before import = 0Number of asset objects unloaded after import = 8

========================================================================
Received Import Request.
  Time since last request: 0.000048 seconds.
  path: Assets/Palmov Island/Low Poly Environment Park/Models/Trees/tree swing.fbx
  artifactKey: Guid(b2f2da6f776cbcd4e861abcf56e62b1b) Importer(2089858483,b0f066a214c2f5e87bad3c948f4d605d)
Start importing Assets/Palmov Island/Low Poly Environment Park/Models/Trees/tree swing.fbx using Guid(b2f2da6f776cbcd4e861abcf56e62b1b) Importer(2089858483,b0f066a214c2f5e87bad3c948f4d605d) (ScriptedImporter) -> (artifact id: 'eeee0b15e9f90a0b5848a36386c45d4a') in 0.0249439 seconds
Number of updated asset objects reloaded before import = 0Number of asset objects unloaded after import = 8

========================================================================
Received Import Request.
  Time since last request: 0.000043 seconds.
  path: Assets/Palmov Island/Low Poly Environment Park/Prefabs/Park grounds/ground park 5.prefab
  artifactKey: Guid(95bfbd01be0392b4580b851a244b9a8d) Importer(2089858483,b0f066a214c2f5e87bad3c948f4d605d)
Start importing Assets/Palmov Island/Low Poly Environment Park/Prefabs/Park grounds/ground park 5.prefab using Guid(95bfbd01be0392b4580b851a244b9a8d) Importer(2089858483,b0f066a214c2f5e87bad3c948f4d605d) (ScriptedImporter) -> (artifact id: '1f7f26032c65a60a16bcc0161f2e07a4') in 0.0216566 seconds
Number of updated asset objects reloaded before import = 0Number of asset objects unloaded after import = 9

========================================================================
Received Import Request.
  Time since last request: 0.000052 seconds.
  path: Assets/Palmov Island/Low Poly Environment Park/Prefabs/Environment/wooden bench.prefab
  artifactKey: Guid(05373ac36ded04d44a3640892fe02beb) Importer(2089858483,b0f066a214c2f5e87bad3c948f4d605d)
Start importing Assets/Palmov Island/Low Poly Environment Park/Prefabs/Environment/wooden bench.prefab using Guid(05373ac36ded04d44a3640892fe02beb) Importer(2089858483,b0f066a214c2f5e87bad3c948f4d605d) (ScriptedImporter) -> (artifact id: '190fa92b4ea88a2dcf1e6fb24db7e1e8') in 0.0219508 seconds
Number of updated asset objects reloaded before import = 0Number of asset objects unloaded after import = 9

========================================================================
Received Import Request.
  Time since last request: 0.000047 seconds.
  path: Assets/Palmov Island/Low Poly Environment Park/Models/Trees/little palm tree.fbx
  artifactKey: Guid(86db5449b5aadf445ab8ed5f90f14410) Importer(2089858483,b0f066a214c2f5e87bad3c948f4d605d)
Start importing Assets/Palmov Island/Low Poly Environment Park/Models/Trees/little palm tree.fbx using Guid(86db5449b5aadf445ab8ed5f90f14410) Importer(2089858483,b0f066a214c2f5e87bad3c948f4d605d) (ScriptedImporter) -> (artifact id: '45c781658fe4a7e34e6ff0f0d6aac543') in 0.0237173 seconds
Number of updated asset objects reloaded before import = 0Number of asset objects unloaded after import = 8

========================================================================
Received Import Request.
  Time since last request: 0.000033 seconds.
  path: Assets/Palmov Island/Low Poly Environment Park/Prefabs/Environment/fountain 1.prefab
  artifactKey: Guid(938a37fc0e3a5974b8a96388176b1672) Importer(2089858483,b0f066a214c2f5e87bad3c948f4d605d)
Start importing Assets/Palmov Island/Low Poly Environment Park/Prefabs/Environment/fountain 1.prefab using Guid(938a37fc0e3a5974b8a96388176b1672) Importer(2089858483,b0f066a214c2f5e87bad3c948f4d605d) (ScriptedImporter) -> (artifact id: 'acbb77b7ef7affa8db0a82064c1ff340') in 0.0186046 seconds
Number of updated asset objects reloaded before import = 0Number of asset objects unloaded after import = 9

========================================================================
Received Import Request.
  Time since last request: 0.000063 seconds.
  path: Assets/Palmov Island/Low Poly Environment Park/Prefabs/Park grounds/ground park 1.prefab
  artifactKey: Guid(051365c13d09ee645ab09370b6b02383) Importer(2089858483,b0f066a214c2f5e87bad3c948f4d605d)
Start importing Assets/Palmov Island/Low Poly Environment Park/Prefabs/Park grounds/ground park 1.prefab using Guid(051365c13d09ee645ab09370b6b02383) Importer(2089858483,b0f066a214c2f5e87bad3c948f4d605d) (ScriptedImporter) -> (artifact id: '5806421a5a432f34523ca5dc0dc939c9') in 0.0171748 seconds
Number of updated asset objects reloaded before import = 0Number of asset objects unloaded after import = 9

========================================================================
Received Import Request.
  Time since last request: 0.000039 seconds.
  path: Assets/Palmov Island/Low Poly Environment Park/Prefabs/Environment/wooden table.prefab
  artifactKey: Guid(ee79087d0378f68499e00c8f9bb31663) Importer(2089858483,b0f066a214c2f5e87bad3c948f4d605d)
Start importing Assets/Palmov Island/Low Poly Environment Park/Prefabs/Environment/wooden table.prefab using Guid(ee79087d0378f68499e00c8f9bb31663) Importer(2089858483,b0f066a214c2f5e87bad3c948f4d605d) (ScriptedImporter) -> (artifact id: '467018f4b1e1327511545e88c8774041') in 0.018127 seconds
Number of updated asset objects reloaded before import = 0Number of asset objects unloaded after import = 9

========================================================================
Received Import Request.
  Time since last request: 0.000034 seconds.
  path: Assets/Palmov Island/Low Poly Environment Park/Prefabs/Grass/grass 3.prefab
  artifactKey: Guid(967e41698de928e4c80fc36cc7741738) Importer(2089858483,b0f066a214c2f5e87bad3c948f4d605d)
Start importing Assets/Palmov Island/Low Poly Environment Park/Prefabs/Grass/grass 3.prefab using Guid(967e41698de928e4c80fc36cc7741738) Importer(2089858483,b0f066a214c2f5e87bad3c948f4d605d) (ScriptedImporter) -> (artifact id: '0d65e86b2e9009fbdb593c97a73f0a1f') in 0.0158246 seconds
Number of updated asset objects reloaded before import = 0Number of asset objects unloaded after import = 9

========================================================================
Received Import Request.
  Time since last request: 0.000052 seconds.
  path: Assets/Palmov Island/Low Poly Environment Park/Prefabs/Stones/stone 4.prefab
  artifactKey: Guid(9c8a0db7064c30641af7bab34d4467e2) Importer(2089858483,b0f066a214c2f5e87bad3c948f4d605d)
Start importing Assets/Palmov Island/Low Poly Environment Park/Prefabs/Stones/stone 4.prefab using Guid(9c8a0db7064c30641af7bab34d4467e2) Importer(2089858483,b0f066a214c2f5e87bad3c948f4d605d) (ScriptedImporter) -> (artifact id: 'c361371478a1daeb65b66c134e689543') in 0.0194612 seconds
Number of updated asset objects reloaded before import = 0Number of asset objects unloaded after import = 9

========================================================================
Received Import Request.
  Time since last request: 0.000030 seconds.
  path: Assets/Palmov Island/Low Poly Environment Park/Prefabs/Trees/tree swing.prefab
  artifactKey: Guid(20c219df061c967429db241b1ea3a026) Importer(2089858483,b0f066a214c2f5e87bad3c948f4d605d)
Start importing Assets/Palmov Island/Low Poly Environment Park/Prefabs/Trees/tree swing.prefab using Guid(20c219df061c967429db241b1ea3a026) Importer(2089858483,b0f066a214c2f5e87bad3c948f4d605d) (ScriptedImporter) -> (artifact id: '07709c101267a3b8fcb0f8c4e176fead') in 0.0158445 seconds
Number of updated asset objects reloaded before import = 0Number of asset objects unloaded after import = 9

========================================================================
Received Import Request.
  Time since last request: 0.000030 seconds.
  path: Assets/Palmov Island/Low Poly Environment Park/Prefabs
  artifactKey: Guid(7f94265d280321f4f99b5e18b5821248) Importer(2089858483,b0f066a214c2f5e87bad3c948f4d605d)
Start importing Assets/Palmov Island/Low Poly Environment Park/Prefabs using Guid(7f94265d280321f4f99b5e18b5821248) Importer(2089858483,b0f066a214c2f5e87bad3c948f4d605d) (ScriptedImporter) -> (artifact id: '8cca0940eebe2bcae1f7bff321eb595b') in 0.0111301 seconds
Number of updated asset objects reloaded before import = 0Number of asset objects unloaded after import = 1

========================================================================
Received Import Request.
  Time since last request: 0.000039 seconds.
  path: Assets/Palmov Island/Low Poly Environment Park/Models/Environment/fountain 1.fbx
  artifactKey: Guid(18a639837c060634f83ee644df193c22) Importer(2089858483,b0f066a214c2f5e87bad3c948f4d605d)
Start importing Assets/Palmov Island/Low Poly Environment Park/Models/Environment/fountain 1.fbx using Guid(18a639837c060634f83ee644df193c22) Importer(2089858483,b0f066a214c2f5e87bad3c948f4d605d) (ScriptedImporter) -> (artifact id: 'bb541be8fe7b466aa049ef9a58a6ac79') in 0.0202162 seconds
Number of updated asset objects reloaded before import = 0Number of asset objects unloaded after import = 8

========================================================================
Received Import Request.
  Time since last request: 0.000044 seconds.
  path: Assets/Palmov Island/Low Poly Environment Park/Models/Trees/bonsai tree.fbx
  artifactKey: Guid(d1d27171321ea574a825f392c3f47e55) Importer(2089858483,b0f066a214c2f5e87bad3c948f4d605d)
Start importing Assets/Palmov Island/Low Poly Environment Park/Models/Trees/bonsai tree.fbx using Guid(d1d27171321ea574a825f392c3f47e55) Importer(2089858483,b0f066a214c2f5e87bad3c948f4d605d) (ScriptedImporter) -> (artifact id: '20450d75666c6ca8c3a4e3bb3c4bd782') in 0.0207813 seconds
Number of updated asset objects reloaded before import = 0Number of asset objects unloaded after import = 8

========================================================================
Received Import Request.
  Time since last request: 0.000066 seconds.
  path: Assets/Palmov Island/Low Poly Environment Park/Models/Trees/tree without leaves 1.fbx
  artifactKey: Guid(964c82d7471b219428c7270980db4abc) Importer(2089858483,b0f066a214c2f5e87bad3c948f4d605d)
Start importing Assets/Palmov Island/Low Poly Environment Park/Models/Trees/tree without leaves 1.fbx using Guid(964c82d7471b219428c7270980db4abc) Importer(2089858483,b0f066a214c2f5e87bad3c948f4d605d) (ScriptedImporter) -> (artifact id: '637792a9ed0fddea5f42d927ed59288f') in 0.0218296 seconds
Number of updated asset objects reloaded before import = 0Number of asset objects unloaded after import = 8

========================================================================
Received Import Request.
  Time since last request: 0.000072 seconds.
  path: Assets/Palmov Island/Low Poly Environment Park/Prefabs/Environment/trash can 1.prefab
  artifactKey: Guid(b5a4dc2ebf390d64eb973263e3c3963c) Importer(2089858483,b0f066a214c2f5e87bad3c948f4d605d)
Start importing Assets/Palmov Island/Low Poly Environment Park/Prefabs/Environment/trash can 1.prefab using Guid(b5a4dc2ebf390d64eb973263e3c3963c) Importer(2089858483,b0f066a214c2f5e87bad3c948f4d605d) (ScriptedImporter) -> (artifact id: '193f4470892535de8dfb56a7fe133a87') in 0.0171233 seconds
Number of updated asset objects reloaded before import = 0Number of asset objects unloaded after import = 9

========================================================================
Received Import Request.
  Time since last request: 0.000033 seconds.
  path: Assets/Palmov Island/Low Poly Environment Park/Scenes/Trees.unity
  artifactKey: Guid(d621ccd1d98032649b821ad6ba04d5c0) Importer(2089858483,b0f066a214c2f5e87bad3c948f4d605d)
Start importing Assets/Palmov Island/Low Poly Environment Park/Scenes/Trees.unity using Guid(d621ccd1d98032649b821ad6ba04d5c0) Importer(2089858483,b0f066a214c2f5e87bad3c948f4d605d) (ScriptedImporter) -> (artifact id: '02ca180f9468e5c3d3ba56a4b23eb454') in 0.0133497 seconds
Number of updated asset objects reloaded before import = 0Number of asset objects unloaded after import = 1

========================================================================
Received Import Request.
  Time since last request: 0.000026 seconds.
  path: Assets/Palmov Island/Low Poly Environment Park/Prefabs/Trees/deciduous tree.prefab
  artifactKey: Guid(9129eef4470bd584d8675065420e67fe) Importer(2089858483,b0f066a214c2f5e87bad3c948f4d605d)
Start importing Assets/Palmov Island/Low Poly Environment Park/Prefabs/Trees/deciduous tree.prefab using Guid(9129eef4470bd584d8675065420e67fe) Importer(2089858483,b0f066a214c2f5e87bad3c948f4d605d) (ScriptedImporter) -> (artifact id: '2bce551cc6eab0cddf578d54db533769') in 0.0144978 seconds
Number of updated asset objects reloaded before import = 0Number of asset objects unloaded after import = 9

========================================================================
Received Import Request.
  Time since last request: 0.000038 seconds.
  path: Assets/Palmov Island/Low Poly Environment Park/Scenes
  artifactKey: Guid(6ea315d0fd7389c41b19996891e99ae3) Importer(2089858483,b0f066a214c2f5e87bad3c948f4d605d)
Start importing Assets/Palmov Island/Low Poly Environment Park/Scenes using Guid(6ea315d0fd7389c41b19996891e99ae3) Importer(2089858483,b0f066a214c2f5e87bad3c948f4d605d) (ScriptedImporter) -> (artifact id: '22aa626ecd5f9dc225af9f1266898b31') in 0.0107756 seconds
Number of updated asset objects reloaded before import = 0Number of asset objects unloaded after import = 1

========================================================================
Received Import Request.
  Time since last request: 0.000046 seconds.
  path: Assets/Palmov Island/Low Poly Environment Park/Models/Trees/fir tree 1.fbx
  artifactKey: Guid(c92f6dad3c768c244ac38e1040488cd3) Importer(2089858483,b0f066a214c2f5e87bad3c948f4d605d)
Start importing Assets/Palmov Island/Low Poly Environment Park/Models/Trees/fir tree 1.fbx using Guid(c92f6dad3c768c244ac38e1040488cd3) Importer(2089858483,b0f066a214c2f5e87bad3c948f4d605d) (ScriptedImporter) -> (artifact id: 'a21a10a0220846586ff33482475aae6c') in 0.0222306 seconds
Number of updated asset objects reloaded before import = 0Number of asset objects unloaded after import = 8

========================================================================
Received Import Request.
  Time since last request: 0.000029 seconds.
  path: Assets/Palmov Island/Low Poly Environment Park/Models/Trees/fir tree 2.fbx
  artifactKey: Guid(bb9ebcc4c89d8f2449c1fc7de0fdebea) Importer(2089858483,b0f066a214c2f5e87bad3c948f4d605d)
Start importing Assets/Palmov Island/Low Poly Environment Park/Models/Trees/fir tree 2.fbx using Guid(bb9ebcc4c89d8f2449c1fc7de0fdebea) Importer(2089858483,b0f066a214c2f5e87bad3c948f4d605d) (ScriptedImporter) -> (artifact id: 'c7c23d1e20ae46ccfab2218bddc24c4a') in 0.0207946 seconds
Number of updated asset objects reloaded before import = 0Number of asset objects unloaded after import = 8

========================================================================
Received Import Request.
  Time since last request: 0.000045 seconds.
  path: Assets/Palmov Island/Low Poly Environment Park/Models/Environment/carpet blue.fbx
  artifactKey: Guid(fe6c2ca4ac3c62d47a92606f97ccc50e) Importer(2089858483,b0f066a214c2f5e87bad3c948f4d605d)
Start importing Assets/Palmov Island/Low Poly Environment Park/Models/Environment/carpet blue.fbx using Guid(fe6c2ca4ac3c62d47a92606f97ccc50e) Importer(2089858483,b0f066a214c2f5e87bad3c948f4d605d) (ScriptedImporter) -> (artifact id: '50cd13bcda44f9d92c0a76be5d4dd9d3') in 0.0198635 seconds
Number of updated asset objects reloaded before import = 0Number of asset objects unloaded after import = 8

========================================================================
Received Import Request.
  Time since last request: 0.000029 seconds.
  path: Assets/Palmov Island/Low Poly Environment Park/Prefabs/Park grounds/ground park 6.prefab
  artifactKey: Guid(b447369acae9efc40b035dbee56c8851) Importer(2089858483,b0f066a214c2f5e87bad3c948f4d605d)
Start importing Assets/Palmov Island/Low Poly Environment Park/Prefabs/Park grounds/ground park 6.prefab using Guid(b447369acae9efc40b035dbee56c8851) Importer(2089858483,b0f066a214c2f5e87bad3c948f4d605d) (ScriptedImporter) -> (artifact id: 'bc5e3041d40ddc3642b0108e25736076') in 0.016455 seconds
Number of updated asset objects reloaded before import = 0Number of asset objects unloaded after import = 9

========================================================================
Received Import Request.
  Time since last request: 0.000036 seconds.
  path: Assets/Palmov Island/Low Poly Environment Park/Prefabs/Stones/stone 3.prefab
  artifactKey: Guid(ce5fc1ae746770c48a546879d9226882) Importer(2089858483,b0f066a214c2f5e87bad3c948f4d605d)
Start importing Assets/Palmov Island/Low Poly Environment Park/Prefabs/Stones/stone 3.prefab using Guid(ce5fc1ae746770c48a546879d9226882) Importer(2089858483,b0f066a214c2f5e87bad3c948f4d605d) (ScriptedImporter) -> (artifact id: 'b2130678a068a86fa5d24507ea70a62f') in 0.0178166 seconds
Number of updated asset objects reloaded before import = 0Number of asset objects unloaded after import = 9

========================================================================
Received Import Request.
  Time since last request: 0.000045 seconds.
  path: Assets/Palmov Island
  artifactKey: Guid(c65af500465d90a45b568a9383499afd) Importer(2089858483,b0f066a214c2f5e87bad3c948f4d605d)
Start importing Assets/Palmov Island using Guid(c65af500465d90a45b568a9383499afd) Importer(2089858483,b0f066a214c2f5e87bad3c948f4d605d) (ScriptedImporter) -> (artifact id: '50456741b9c6909f78aec62aec838c4b') in 0.0107132 seconds
Number of updated asset objects reloaded before import = 0Number of asset objects unloaded after import = 1

========================================================================
Received Import Request.
  Time since last request: 0.000031 seconds.
  path: Assets/Palmov Island/Low Poly Environment Park/Models/Park grounds/ground park 6.fbx
  artifactKey: Guid(cbd39632b02e87e428c2cff4857291de) Importer(2089858483,b0f066a214c2f5e87bad3c948f4d605d)
Start importing Assets/Palmov Island/Low Poly Environment Park/Models/Park grounds/ground park 6.fbx using Guid(cbd39632b02e87e428c2cff4857291de) Importer(2089858483,b0f066a214c2f5e87bad3c948f4d605d) (ScriptedImporter) -> (artifact id: 'adbff90be93cd575fb48198d25ae4f5b') in 0.0229063 seconds
Number of updated asset objects reloaded before import = 0Number of asset objects unloaded after import = 8

========================================================================
Received Import Request.
  Time since last request: 0.000058 seconds.
  path: Assets/Palmov Island/Low Poly Environment Park/Models/Trees/tree orange foliage.fbx
  artifactKey: Guid(d5bd0a2277189ce4d8bcc85c6b7df6b2) Importer(2089858483,b0f066a214c2f5e87bad3c948f4d605d)
Start importing Assets/Palmov Island/Low Poly Environment Park/Models/Trees/tree orange foliage.fbx using Guid(d5bd0a2277189ce4d8bcc85c6b7df6b2) Importer(2089858483,b0f066a214c2f5e87bad3c948f4d605d) (ScriptedImporter) -> (artifact id: '17fcdc33aded32ec0b734f27d2ee1d14') in 0.0213531 seconds
Number of updated asset objects reloaded before import = 0Number of asset objects unloaded after import = 8

========================================================================
Received Import Request.
  Time since last request: 0.000032 seconds.
  path: Assets/Palmov Island/Low Poly Environment Park/Models/Stones/stone 1.fbx
  artifactKey: Guid(74dc3d90440e28245ae2fcadaa81b8a3) Importer(2089858483,b0f066a214c2f5e87bad3c948f4d605d)
Start importing Assets/Palmov Island/Low Poly Environment Park/Models/Stones/stone 1.fbx using Guid(74dc3d90440e28245ae2fcadaa81b8a3) Importer(2089858483,b0f066a214c2f5e87bad3c948f4d605d) (ScriptedImporter) -> (artifact id: 'b12c467b83a97f7c3548c8625ec789c7') in 0.0182268 seconds
Number of updated asset objects reloaded before import = 0Number of asset objects unloaded after import = 8

========================================================================
Received Import Request.
  Time since last request: 0.000033 seconds.
  path: Assets/Palmov Island/Low Poly Environment Park/Models/Environment/wooden table.fbx
  artifactKey: Guid(e4925266f9982a1429fe6760c4524c60) Importer(2089858483,b0f066a214c2f5e87bad3c948f4d605d)
Start importing Assets/Palmov Island/Low Poly Environment Park/Models/Environment/wooden table.fbx using Guid(e4925266f9982a1429fe6760c4524c60) Importer(2089858483,b0f066a214c2f5e87bad3c948f4d605d) (ScriptedImporter) -> (artifact id: '61b88d5340f37866314e4ecef4ffbc09') in 0.0218745 seconds
Number of updated asset objects reloaded before import = 0Number of asset objects unloaded after import = 8

========================================================================
Received Import Request.
  Time since last request: 0.000042 seconds.
  path: Assets/Palmov Island/Low Poly Environment Park/Prefabs/Park grounds/ground park 2.prefab
  artifactKey: Guid(dea815d68b0338348b3a11ab1a3a4372) Importer(2089858483,b0f066a214c2f5e87bad3c948f4d605d)
Start importing Assets/Palmov Island/Low Poly Environment Park/Prefabs/Park grounds/ground park 2.prefab using Guid(dea815d68b0338348b3a11ab1a3a4372) Importer(2089858483,b0f066a214c2f5e87bad3c948f4d605d) (ScriptedImporter) -> (artifact id: 'b9cca6e60927f60e75e769ae0c65a097') in 0.018175 seconds
Number of updated asset objects reloaded before import = 0Number of asset objects unloaded after import = 9

========================================================================
Received Import Request.
  Time since last request: 0.000030 seconds.
  path: Assets/Palmov Island/Low Poly Environment Park/Models/Trees/tree round foliage.fbx
  artifactKey: Guid(a3270467eb28a9844b22855aea1d3ae3) Importer(2089858483,b0f066a214c2f5e87bad3c948f4d605d)
Start importing Assets/Palmov Island/Low Poly Environment Park/Models/Trees/tree round foliage.fbx using Guid(a3270467eb28a9844b22855aea1d3ae3) Importer(2089858483,b0f066a214c2f5e87bad3c948f4d605d) (ScriptedImporter) -> (artifact id: '5d5b72231d5f00fdcc364bb0418c1d97') in 0.0213788 seconds
Number of updated asset objects reloaded before import = 0Number of asset objects unloaded after import = 8

========================================================================
Received Import Request.
  Time since last request: 0.000051 seconds.
  path: Assets/Palmov Island/Low Poly Environment Park/Scenes/Environment.unity
  artifactKey: Guid(30c8eccd784a84884ac853b16ea8e42f) Importer(2089858483,b0f066a214c2f5e87bad3c948f4d605d)
Start importing Assets/Palmov Island/Low Poly Environment Park/Scenes/Environment.unity using Guid(30c8eccd784a84884ac853b16ea8e42f) Importer(2089858483,b0f066a214c2f5e87bad3c948f4d605d) (ScriptedImporter) -> (artifact id: 'bbeeb5b4700adead2b6c6e90f280b303') in 0.0152373 seconds
Number of updated asset objects reloaded before import = 0Number of asset objects unloaded after import = 1

========================================================================
Received Import Request.
  Time since last request: 0.000039 seconds.
  path: Assets/Palmov Island/Low Poly Environment Park/Prefabs/Park grounds/ground park 7.prefab
  artifactKey: Guid(f92b35fdeb33f6c4b8f48f5f229138d2) Importer(2089858483,b0f066a214c2f5e87bad3c948f4d605d)
Start importing Assets/Palmov Island/Low Poly Environment Park/Prefabs/Park grounds/ground park 7.prefab using Guid(f92b35fdeb33f6c4b8f48f5f229138d2) Importer(2089858483,b0f066a214c2f5e87bad3c948f4d605d) (ScriptedImporter) -> (artifact id: 'e9c5a71e7373e21115561e4741471182') in 0.0196568 seconds
Number of updated asset objects reloaded before import = 0Number of asset objects unloaded after import = 9

========================================================================
Received Import Request.
  Time since last request: 0.000076 seconds.
  path: Assets/Palmov Island/Low Poly Environment Park/Prefabs/Grass
  artifactKey: Guid(cdfd1851af427c64b984c1dcf94ec3c4) Importer(2089858483,b0f066a214c2f5e87bad3c948f4d605d)
Start importing Assets/Palmov Island/Low Poly Environment Park/Prefabs/Grass using Guid(cdfd1851af427c64b984c1dcf94ec3c4) Importer(2089858483,b0f066a214c2f5e87bad3c948f4d605d) (ScriptedImporter) -> (artifact id: 'b6af6087d62ec3e96f5ac30afa628849') in 0.0125489 seconds
Number of updated asset objects reloaded before import = 0Number of asset objects unloaded after import = 1

========================================================================
Received Import Request.
  Time since last request: 0.000043 seconds.
  path: Assets/Palmov Island/Low Poly Environment Park/Scenes/Park grounds.unity
  artifactKey: Guid(d88da8b0d7bd744458d2eadd0e7bdf8b) Importer(2089858483,b0f066a214c2f5e87bad3c948f4d605d)
Start importing Assets/Palmov Island/Low Poly Environment Park/Scenes/Park grounds.unity using Guid(d88da8b0d7bd744458d2eadd0e7bdf8b) Importer(2089858483,b0f066a214c2f5e87bad3c948f4d605d) (ScriptedImporter) -> (artifact id: '338cc0ad6976a90b0431275e78ce3c22') in 0.012787 seconds
Number of updated asset objects reloaded before import = 0Number of asset objects unloaded after import = 1

========================================================================
Received Import Request.
  Time since last request: 0.000046 seconds.
  path: Assets/Palmov Island/Low Poly Environment Park/Prefabs/Trees/spherical tree.prefab
  artifactKey: Guid(2d7058e6e51f33b40a88493480895edd) Importer(2089858483,b0f066a214c2f5e87bad3c948f4d605d)
Start importing Assets/Palmov Island/Low Poly Environment Park/Prefabs/Trees/spherical tree.prefab using Guid(2d7058e6e51f33b40a88493480895edd) Importer(2089858483,b0f066a214c2f5e87bad3c948f4d605d) (ScriptedImporter) -> (artifact id: '2104295d0652ac7b9b290e457f14cc52') in 0.0191026 seconds
Number of updated asset objects reloaded before import = 0Number of asset objects unloaded after import = 9

========================================================================
Received Import Request.
  Time since last request: 0.000029 seconds.
  path: Assets/Palmov Island/Low Poly Environment Park/Models/Environment/bench 1.fbx
  artifactKey: Guid(253f4f099995a0841bd45d8409fd865a) Importer(2089858483,b0f066a214c2f5e87bad3c948f4d605d)
Start importing Assets/Palmov Island/Low Poly Environment Park/Models/Environment/bench 1.fbx using Guid(253f4f099995a0841bd45d8409fd865a) Importer(2089858483,b0f066a214c2f5e87bad3c948f4d605d) (ScriptedImporter) -> (artifact id: '557b39ad1c7b1d3848276358561cc9cf') in 0.0182419 seconds
Number of updated asset objects reloaded before import = 0Number of asset objects unloaded after import = 8

========================================================================
Received Import Request.
  Time since last request: 0.000029 seconds.
  path: Assets/Palmov Island/Low Poly Environment Park/Prefabs/Environment/picnic bag.prefab
  artifactKey: Guid(602bc4d45f6a07949b3f169c884ec23a) Importer(2089858483,b0f066a214c2f5e87bad3c948f4d605d)
Start importing Assets/Palmov Island/Low Poly Environment Park/Prefabs/Environment/picnic bag.prefab using Guid(602bc4d45f6a07949b3f169c884ec23a) Importer(2089858483,b0f066a214c2f5e87bad3c948f4d605d) (ScriptedImporter) -> (artifact id: 'f22b71d68552d77e41a3d993f620fe61') in 0.0153411 seconds
Number of updated asset objects reloaded before import = 0Number of asset objects unloaded after import = 9

========================================================================
Received Import Request.
  Time since last request: 0.000050 seconds.
  path: Assets/Palmov Island/Low Poly Environment Park/Textures
  artifactKey: Guid(7315e0f7ad452c440858d4f7eedf43c8) Importer(2089858483,b0f066a214c2f5e87bad3c948f4d605d)
Start importing Assets/Palmov Island/Low Poly Environment Park/Textures using Guid(7315e0f7ad452c440858d4f7eedf43c8) Importer(2089858483,b0f066a214c2f5e87bad3c948f4d605d) (ScriptedImporter) -> (artifact id: '76282b0da6e638742398d799de20216a') in 0.0127645 seconds
Number of updated asset objects reloaded before import = 0Number of asset objects unloaded after import = 1

========================================================================
Received Import Request.
  Time since last request: 0.000054 seconds.
  path: Assets/Palmov Island/Low Poly Environment Park/Models/Trees/tree without leaves 2.fbx
  artifactKey: Guid(274ec8732a8485f4d8044b79d664ab71) Importer(2089858483,b0f066a214c2f5e87bad3c948f4d605d)
Start importing Assets/Palmov Island/Low Poly Environment Park/Models/Trees/tree without leaves 2.fbx using Guid(274ec8732a8485f4d8044b79d664ab71) Importer(2089858483,b0f066a214c2f5e87bad3c948f4d605d) (ScriptedImporter) -> (artifact id: '3614f9efac6b32641aef372aa26d4f2a') in 0.0178395 seconds
Number of updated asset objects reloaded before import = 0Number of asset objects unloaded after import = 8

========================================================================
Received Import Request.
  Time since last request: 0.000037 seconds.
  path: Assets/Palmov Island/Low Poly Environment Park/Prefabs/Stones/stone 1.prefab
  artifactKey: Guid(e279d3b56060181478049ff4e3cadcff) Importer(2089858483,b0f066a214c2f5e87bad3c948f4d605d)
Start importing Assets/Palmov Island/Low Poly Environment Park/Prefabs/Stones/stone 1.prefab using Guid(e279d3b56060181478049ff4e3cadcff) Importer(2089858483,b0f066a214c2f5e87bad3c948f4d605d) (ScriptedImporter) -> (artifact id: '2dd0d676f274d57cab6b34ef6c421cba') in 0.0170783 seconds
Number of updated asset objects reloaded before import = 0Number of asset objects unloaded after import = 9

========================================================================
Received Import Request.
  Time since last request: 0.000035 seconds.
  path: Assets/Palmov Island/Low Poly Environment Park/Prefabs/Stones
  artifactKey: Guid(1a29abd0e150bbd49b03ccd2d4dd93d6) Importer(2089858483,b0f066a214c2f5e87bad3c948f4d605d)
Start importing Assets/Palmov Island/Low Poly Environment Park/Prefabs/Stones using Guid(1a29abd0e150bbd49b03ccd2d4dd93d6) Importer(2089858483,b0f066a214c2f5e87bad3c948f4d605d) (ScriptedImporter) -> (artifact id: 'a7511a49a17ec451d644b3eb5e5b3036') in 0.0105042 seconds
Number of updated asset objects reloaded before import = 0Number of asset objects unloaded after import = 1

========================================================================
Received Import Request.
  Time since last request: 0.000028 seconds.
  path: Assets/Palmov Island/Low Poly Environment Park/Prefabs/Trees/sakura tree.prefab
  artifactKey: Guid(745572adb33fc084b8a98fcd3a1c5de3) Importer(2089858483,b0f066a214c2f5e87bad3c948f4d605d)
Start importing Assets/Palmov Island/Low Poly Environment Park/Prefabs/Trees/sakura tree.prefab using Guid(745572adb33fc084b8a98fcd3a1c5de3) Importer(2089858483,b0f066a214c2f5e87bad3c948f4d605d) (ScriptedImporter) -> (artifact id: 'd5ba354cd8675a2f24382b91eaa091be') in 0.0159823 seconds
Number of updated asset objects reloaded before import = 0Number of asset objects unloaded after import = 9

========================================================================
Received Import Request.
  Time since last request: 0.000034 seconds.
  path: Assets/Palmov Island/Low Poly Environment Park/Models/Trees/sakura tree.fbx
  artifactKey: Guid(51e5bf6a6476be2438326a42e519cdc0) Importer(2089858483,b0f066a214c2f5e87bad3c948f4d605d)
Start importing Assets/Palmov Island/Low Poly Environment Park/Models/Trees/sakura tree.fbx using Guid(51e5bf6a6476be2438326a42e519cdc0) Importer(2089858483,b0f066a214c2f5e87bad3c948f4d605d) (ScriptedImporter) -> (artifact id: '2c0e4936b7f31fa58701ed58728839ce') in 0.0182551 seconds
Number of updated asset objects reloaded before import = 0Number of asset objects unloaded after import = 8

========================================================================
Received Import Request.
  Time since last request: 0.000076 seconds.
  path: Assets/Palmov Island/Low Poly Environment Park/Models/Environment/trash can 1.fbx
  artifactKey: Guid(95644c8c819323d429fc5f07e225e781) Importer(2089858483,b0f066a214c2f5e87bad3c948f4d605d)
Start importing Assets/Palmov Island/Low Poly Environment Park/Models/Environment/trash can 1.fbx using Guid(95644c8c819323d429fc5f07e225e781) Importer(2089858483,b0f066a214c2f5e87bad3c948f4d605d) (ScriptedImporter) -> (artifact id: '868e09333ce4fada0b5cc967d43d071c') in 0.0220879 seconds
Number of updated asset objects reloaded before import = 0Number of asset objects unloaded after import = 8

========================================================================
Received Import Request.
  Time since last request: 0.000035 seconds.
  path: Assets/Palmov Island/Low Poly Environment Park/Models/Environment/trash can 2.fbx
  artifactKey: Guid(9f831af1ed754924cadcbb0daf93635c) Importer(2089858483,b0f066a214c2f5e87bad3c948f4d605d)
Start importing Assets/Palmov Island/Low Poly Environment Park/Models/Environment/trash can 2.fbx using Guid(9f831af1ed754924cadcbb0daf93635c) Importer(2089858483,b0f066a214c2f5e87bad3c948f4d605d) (ScriptedImporter) -> (artifact id: 'fa63bbd3bfbf491f0e0d7e781ca4906d') in 0.0217145 seconds
Number of updated asset objects reloaded before import = 0Number of asset objects unloaded after import = 8

========================================================================
Received Import Request.
  Time since last request: 0.000033 seconds.
  path: Assets/Palmov Island/Low Poly Environment Park/Prefabs/Trees/tree without leaves 1.prefab
  artifactKey: Guid(49c16e62d01dc124c96fe6a68b31a5de) Importer(2089858483,b0f066a214c2f5e87bad3c948f4d605d)
Start importing Assets/Palmov Island/Low Poly Environment Park/Prefabs/Trees/tree without leaves 1.prefab using Guid(49c16e62d01dc124c96fe6a68b31a5de) Importer(2089858483,b0f066a214c2f5e87bad3c948f4d605d) (ScriptedImporter) -> (artifact id: 'e2393b52d8b6f75305e65a6b0d2b0711') in 0.0187984 seconds
Number of updated asset objects reloaded before import = 0Number of asset objects unloaded after import = 9

========================================================================
Received Import Request.
  Time since last request: 0.000032 seconds.
  path: Assets/Palmov Island/Low Poly Environment Park/Models/Trees/birch tree.fbx
  artifactKey: Guid(a9aed04247f22704d9a0d33686def64f) Importer(2089858483,b0f066a214c2f5e87bad3c948f4d605d)
Start importing Assets/Palmov Island/Low Poly Environment Park/Models/Trees/birch tree.fbx using Guid(a9aed04247f22704d9a0d33686def64f) Importer(2089858483,b0f066a214c2f5e87bad3c948f4d605d) (ScriptedImporter) -> (artifact id: '7d96380e904be0fca506968e802a1025') in 0.0252988 seconds
Number of updated asset objects reloaded before import = 0Number of asset objects unloaded after import = 8

========================================================================
Received Import Request.
  Time since last request: 0.000034 seconds.
  path: Assets/Palmov Island/Low Poly Environment Park/Prefabs/Environment/carpet blue.prefab
  artifactKey: Guid(70ffeeb41bbcb4d4f88bd63e0547ffb0) Importer(2089858483,b0f066a214c2f5e87bad3c948f4d605d)
Start importing Assets/Palmov Island/Low Poly Environment Park/Prefabs/Environment/carpet blue.prefab using Guid(70ffeeb41bbcb4d4f88bd63e0547ffb0) Importer(2089858483,b0f066a214c2f5e87bad3c948f4d605d) (ScriptedImporter) -> (artifact id: '525fe5a5677e03c25df030c3928d75ac') in 0.0197469 seconds
Number of updated asset objects reloaded before import = 0Number of asset objects unloaded after import = 9

========================================================================
Received Import Request.
  Time since last request: 188.625123 seconds.
  path: Assets/Palmov Island/Low Poly Environment Park
  artifactKey: Guid(7b942ddbb3b044307b143dcb9741210b) Importer(815301076,1909f56bfc062723c751e8b465ee728b)
Start importing Assets/Palmov Island/Low Poly Environment Park using Guid(7b942ddbb3b044307b143dcb9741210b) Importer(815301076,1909f56bfc062723c751e8b465ee728b) (PreviewImporter) -> (artifact id: 'd95c9fc5af766c4d3bf319b2113deb91') in 0.0007016 seconds
Number of updated asset objects reloaded before import = 0Number of asset objects unloaded after import = 0

========================================================================
Received Import Request.
  Time since last request: 3.788613 seconds.
  path: Assets/Palmov Island/Low Poly Environment Park/Materials
  artifactKey: Guid(96cd29f72633e44468578a65da45060e) Importer(815301076,1909f56bfc062723c751e8b465ee728b)
Start importing Assets/Palmov Island/Low Poly Environment Park/Materials using Guid(96cd29f72633e44468578a65da45060e) Importer(815301076,1909f56bfc062723c751e8b465ee728b) (PreviewImporter) -> (artifact id: 'f8308aaa1d82cd9aa38fe434b2718470') in 0.0006732 seconds
Number of updated asset objects reloaded before import = 0Number of asset objects unloaded after import = 0

========================================================================
Received Import Request.
  Time since last request: 0.060900 seconds.
  path: Assets/Palmov Island/Low Poly Environment Park/Materials/mat main.mat
  artifactKey: Guid(63ac02641efdf374788d7d14242bde68) Importer(815301076,1909f56bfc062723c751e8b465ee728b)
Start importing Assets/Palmov Island/Low Poly Environment Park/Materials/mat main.mat using Guid(63ac02641efdf374788d7d14242bde68) Importer(815301076,1909f56bfc062723c751e8b465ee728b) (PreviewImporter) -> (artifact id: 'b02af86612e7b8ded4eba607bc0944f5') in 0.012682 seconds
Number of updated asset objects reloaded before import = 0Number of asset objects unloaded after import = 2

========================================================================
Received Import Request.
  Time since last request: 3.385759 seconds.
  path: Assets/Palmov Island/Low Poly Environment Park/Models
  artifactKey: Guid(5512bbb5436b71a48b1c6518d32016ad) Importer(815301076,1909f56bfc062723c751e8b465ee728b)
Start importing Assets/Palmov Island/Low Poly Environment Park/Models using Guid(5512bbb5436b71a48b1c6518d32016ad) Importer(815301076,1909f56bfc062723c751e8b465ee728b) (PreviewImporter) -> (artifact id: 'c7d988d79422a95e3ab36f8b776f8449') in 0.0005948 seconds
Number of updated asset objects reloaded before import = 0Number of asset objects unloaded after import = 0

========================================================================
Received Import Request.
  Time since last request: 8.588163 seconds.
  path: Assets/Palmov Island/Low Poly Environment Park/Models/Environment
  artifactKey: Guid(427c1aa4b7a05854f88379b935c319c4) Importer(815301076,1909f56bfc062723c751e8b465ee728b)
Start importing Assets/Palmov Island/Low Poly Environment Park/Models/Environment using Guid(427c1aa4b7a05854f88379b935c319c4) Importer(815301076,1909f56bfc062723c751e8b465ee728b) (PreviewImporter) -> (artifact id: '16143adb30d63651accea1f61ae072ee') in 0.0006702 seconds
Number of updated asset objects reloaded before import = 0Number of asset objects unloaded after import = 0

========================================================================
Received Import Request.
  Time since last request: 0.066676 seconds.
  path: Assets/Palmov Island/Low Poly Environment Park/Models/Environment/bench 1.fbx
  artifactKey: Guid(253f4f099995a0841bd45d8409fd865a) Importer(815301076,1909f56bfc062723c751e8b465ee728b)
Start importing Assets/Palmov Island/Low Poly Environment Park/Models/Environment/bench 1.fbx using Guid(253f4f099995a0841bd45d8409fd865a) Importer(815301076,1909f56bfc062723c751e8b465ee728b) (PreviewImporter) -> (artifact id: '534e805becfba2aca688313f848b6151') in 0.0317962 seconds
Number of updated asset objects reloaded before import = 0Number of asset objects unloaded after import = 9

========================================================================
Received Import Request.
  Time since last request: 0.000026 seconds.
  path: Assets/Palmov Island/Low Poly Environment Park/Models/Environment/fountain 3.fbx
  artifactKey: Guid(a8b6e23c68553634481a2c34664c9a6c) Importer(815301076,1909f56bfc062723c751e8b465ee728b)
Start importing Assets/Palmov Island/Low Poly Environment Park/Models/Environment/fountain 3.fbx using Guid(a8b6e23c68553634481a2c34664c9a6c) Importer(815301076,1909f56bfc062723c751e8b465ee728b) (PreviewImporter) -> (artifact id: '6bf995767338649b6c35d77e2caa3b5c') in 0.0529889 seconds
Number of updated asset objects reloaded before import = 0Number of asset objects unloaded after import = 9

========================================================================
Received Import Request.
  Time since last request: 0.000042 seconds.
  path: Assets/Palmov Island/Low Poly Environment Park/Models/Environment/trash can 1.fbx
  artifactKey: Guid(95644c8c819323d429fc5f07e225e781) Importer(815301076,1909f56bfc062723c751e8b465ee728b)
Start importing Assets/Palmov Island/Low Poly Environment Park/Models/Environment/trash can 1.fbx using Guid(95644c8c819323d429fc5f07e225e781) Importer(815301076,1909f56bfc062723c751e8b465ee728b) (PreviewImporter) -> (artifact id: 'fb0abee28533353ddfb4408148fc82d1') in 0.02484 seconds
Number of updated asset objects reloaded before import = 0Number of asset objects unloaded after import = 9

========================================================================
Received Import Request.
  Time since last request: 0.000052 seconds.
  path: Assets/Palmov Island/Low Poly Environment Park/Models/Environment/trash can 2.fbx
  artifactKey: Guid(9f831af1ed754924cadcbb0daf93635c) Importer(815301076,1909f56bfc062723c751e8b465ee728b)
Start importing Assets/Palmov Island/Low Poly Environment Park/Models/Environment/trash can 2.fbx using Guid(9f831af1ed754924cadcbb0daf93635c) Importer(815301076,1909f56bfc062723c751e8b465ee728b) (PreviewImporter) -> (artifact id: '2108c6f1fa41be00cfcc150fda1fd861') in 0.0251855 seconds
Number of updated asset objects reloaded before import = 0Number of asset objects unloaded after import = 9

========================================================================
Received Import Request.
  Time since last request: 0.000053 seconds.
  path: Assets/Palmov Island/Low Poly Environment Park/Models/Environment/wooden bench.fbx
  artifactKey: Guid(ffe98d202d829e34a8e668c4121ecb12) Importer(815301076,1909f56bfc062723c751e8b465ee728b)
Start importing Assets/Palmov Island/Low Poly Environment Park/Models/Environment/wooden bench.fbx using Guid(ffe98d202d829e34a8e668c4121ecb12) Importer(815301076,1909f56bfc062723c751e8b465ee728b) (PreviewImporter) -> (artifact id: '2f1b8cece2d3c4455945f338ef084956') in 0.0227726 seconds
Number of updated asset objects reloaded before import = 0Number of asset objects unloaded after import = 9

========================================================================
Received Import Request.
  Time since last request: 0.000041 seconds.
  path: Assets/Palmov Island/Low Poly Environment Park/Models/Environment/fountain 2.fbx
  artifactKey: Guid(afabe8861a3a203408d7f4b846d4d493) Importer(815301076,1909f56bfc062723c751e8b465ee728b)
Start importing Assets/Palmov Island/Low Poly Environment Park/Models/Environment/fountain 2.fbx using Guid(afabe8861a3a203408d7f4b846d4d493) Importer(815301076,1909f56bfc062723c751e8b465ee728b) (PreviewImporter) -> (artifact id: '13510377c5b7701ad9d69c422c1e2400') in 0.0302706 seconds
Number of updated asset objects reloaded before import = 0Number of asset objects unloaded after import = 9

========================================================================
Received Import Request.
  Time since last request: 0.000100 seconds.
  path: Assets/Palmov Island/Low Poly Environment Park/Models/Environment/carpet blue.fbx
  artifactKey: Guid(fe6c2ca4ac3c62d47a92606f97ccc50e) Importer(815301076,1909f56bfc062723c751e8b465ee728b)
Start importing Assets/Palmov Island/Low Poly Environment Park/Models/Environment/carpet blue.fbx using Guid(fe6c2ca4ac3c62d47a92606f97ccc50e) Importer(815301076,1909f56bfc062723c751e8b465ee728b) (PreviewImporter) -> (artifact id: 'f607e8f3b10423560f4b3fb41abfb052') in 0.0251639 seconds
Number of updated asset objects reloaded before import = 0Number of asset objects unloaded after import = 9

Editor requested this worker to shutdown with reason: Scaling down because of idle timeout
AssetImportWorker is now disconnected from the server
Process exiting
Exiting without the bug reporter. Application will terminate with return code 0