[Licensing::Module] Trying to connect to existing licensing client channel...
Built from '6000.3/staging' branch; Version is '6000.3.15f1 (c1aa84e375f6) revision 12692100'; Using compiler version '194234433'; Build Type 'Release'
OS: 'Windows 10  (10.0.19045) 64bit Professional' Language: 'en' Physical Memory: 15787 MB
[Licensing::IpcConnector] Successfully connected to: "LicenseClient-Asus" at "2026-05-28T12:55:38.5978927Z"
BatchMode: 1, IsHumanControllingUs: 0, StartBugReporterOnCrash: 0, Is64bit: 1
System  architecture: x64
Process architecture: x64
Date: 2026-05-28T12:55:38Z

COMMAND LINE ARGUMENTS:
C:\Program Files\Unity\Hub\Editor\6000.3.15f1\Editor\Unity.exe
-adb2
-batchMode
-noUpm
-name
AssetImportWorker0
-projectPath
D:/Project_PRU/WorkShop_1
-logFile
Logs/AssetImportWorker0.log
-srvPort
51412
-licensingIpc
LicenseClient-Asus
-job-worker-count
7
-background-job-worker-count
8
-gc-helper-count
1
-name
AssetImport
Successfully changed project path to: D:/Project_PRU/WorkShop_1
D:/Project_PRU/WorkShop_1
[UnityMemory] Configuration Parameters - Can be set up in boot.config
    "memorysetup-temp-allocator-size-nav-mesh-worker=65536"
    "memorysetup-temp-allocator-size-audio-worker=65536"
    "memorysetup-temp-allocator-size-gfx=262144"
    "memorysetup-allocator-temp-initial-block-size-main=262144"
    "memorysetup-allocator-temp-initial-block-size-worker=262144"
    "memorysetup-temp-allocator-size-background-worker=32768"
    "memorysetup-temp-allocator-size-job-worker=262144"
    "memorysetup-temp-allocator-size-preload-manager=33554432"
    "memorysetup-temp-allocator-size-gi-baking-worker=262144"
    "memorysetup-temp-allocator-size-gi-baking-worker=262144"
    "memorysetup-temp-allocator-size-gi-baking-worker=262144"
    "memorysetup-temp-allocator-size-gi-baking-worker=262144"
    "memorysetup-temp-allocator-size-gi-baking-worker=262144"
    "memorysetup-bucket-allocator-granularity=16"
    "memorysetup-bucket-allocator-bucket-count=8"
    "memorysetup-bucket-allocator-block-size=33554432"
    "memorysetup-bucket-allocator-block-count=8"
    "memorysetup-main-allocator-block-size=16777216"
    "memorysetup-thread-allocator-block-size=16777216"
    "memorysetup-gfx-main-allocator-block-size=16777216"
    "memorysetup-gfx-thread-allocator-block-size=16777216"
    "memorysetup-cache-allocator-block-size=4194304"
    "memorysetup-typetree-allocator-block-size=2097152"
    "memorysetup-profiler-bucket-allocator-granularity=16"
    "memorysetup-profiler-bucket-allocator-bucket-count=8"
    "memorysetup-profiler-bucket-allocator-block-size=33554432"
    "memorysetup-profiler-bucket-allocator-block-count=8"
    "memorysetup-profiler-allocator-block-size=16777216"
    "memorysetup-profiler-editor-allocator-block-size=1048576"
    "memorysetup-temp-allocator-size-main=16777216"
    "memorysetup-job-temp-allocator-block-size=2097152"
    "memorysetup-job-temp-allocator-block-size-background=1048576"
    "memorysetup-job-temp-allocator-reduction-small-platforms=262144"
    "memorysetup-temp-allocator-size-cloud-worker=32768"
Player connection [13984]  Target information:

Player connection [13984]  * "[IP] 192.168.1.29 [Port] 0 [Flags] 2 [Guid] 2780053909 [EditorId] 2780053909 [Version] 1048832 [Id] WindowsEditor(7,DESKTOP-NQKCPI7) [Debug] 1 [PackageName] WindowsEditor [ProjectName] Editor" 

Player connection [13984] Host joined multi-casting on [225.0.0.222:54997]...
Player connection [13984] Host joined alternative multi-casting on [225.0.0.222:34997]...
JobSystem: Creating JobQueue using job-worker-count value 7
Input System module state changed to: Initialized.
[Physics::Module] Initialized fallback backend.
[Physics::Module] Id: 0xdecafbad
Library Redirect Path: Library/
[Physics::Module] Selected backend.
[Physics::Module] Name: PhysX
[Physics::Module] Id: 0xf2b8ea05
[Physics::Module] SDK Version: 4.1.2
[Physics::Module] Integration Version: 1.0.0
[Physics::Module] Threading Mode: Multi-Threaded
Refreshing native plugins compatible for Editor in 3.72 ms, found 4 plugins.
Preloading 0 native plugins for Editor in 0.00 ms.
Initialize engine version: 6000.3.15f1 (c1aa84e375f6)
[Subsystems] Discovering subsystems at path C:/Program Files/Unity/Hub/Editor/6000.3.15f1/Editor/Data/Resources/UnitySubsystems
[Subsystems] Discovering subsystems at path D:/Project_PRU/WorkShop_1/Assets
GfxDevice: creating device client; kGfxThreadingModeNonThreaded
Direct3D:
    Version:  Direct3D 11.0 [level 11.1]
    Renderer: NVIDIA GeForce GTX 1650 Ti (ID=0x1f95)
    Vendor:   NVIDIA
    VRAM:     3962 MB
    Driver:   31.0.15.1640
Initialize mono
Mono path[0] = 'C:/Program Files/Unity/Hub/Editor/6000.3.15f1/Editor/Data/Managed'
Mono path[1] = 'C:/Program Files/Unity/Hub/Editor/6000.3.15f1/Editor/Data/MonoBleedingEdge/lib/mono/unityjit-win32'
Mono config path = 'C:/Program Files/Unity/Hub/Editor/6000.3.15f1/Editor/Data/MonoBleedingEdge/etc'
Using monoOptions --debugger-agent=transport=dt_socket,embedding=1,server=y,suspend=n,address=127.0.0.1:56016
Begin MonoManager ReloadAssembly
Registering precompiled unity dll's ...
Register platform support module: C:/Program Files/Unity/Hub/Editor/6000.3.15f1/Editor/Data/PlaybackEngines/WindowsStandaloneSupport/UnityEditor.WindowsStandalone.Extensions.dll
Registered in 0.002245 seconds.
[Licensing::Client] Error: HandshakeResponse reported an error:
	ResponseCode: 505
	ResponseStatus: Unsupported protocol version '1.18.1'.
[Licensing::Module] Error: Failed to handshake to channel: "LicenseClient-Asus"
[Licensing::IpcConnector] LicenseClient-Asus channel disconnected successfully.
[Licensing::IpcConnector] Successfully connected to: "LicenseClient-Asus-6000.3.15" at "2026-05-28T12:55:39.6679699Z"
[Licensing::Client] Code 10 while verifying Licensing Client signature (process Id: 8372, path: "C:/Program Files/Unity/Hub/Editor/6000.3.15f1/Editor/Data/Resources/Licensing/Client/Unity.Licensing.Client.exe")
[Licensing::Module] LicensingClient has failed validation; ignoring
[Licensing::Client] Handshaking with LicensingClient:
  Version:                 1.18.1+9fbee8e
  Session Id:              3299d6572dd94cf8b6d83e46464eab46
  Correlation Id:          2d59803bcef2268961616a87b4687e8f
  External correlation Id: 6821488895754127753
  Machine Id:              8/QuHIB+HqfGdV4WEai9wo2Y8ic=
[Licensing::Module] Successfully connected to LicensingClient on channel: "LicenseClient-Asus-6000.3.15" (connect: 0.00s, validation: 0.00s, handshake: 0.01s)
[Licensing::IpcConnector] Successfully connected to: "LicenseClient-Asus-6000.3.15-notifications" at "2026-05-28T12:55:39.6752423Z"
[Licensing::Module] Licensing Background thread has ended after 1.08s
- Loaded All Assemblies, in  0.572 seconds
Native extension for WindowsStandalone target not found
Package Manager log level set to [2]
[Package Manager] Failed to launch server process. Reason: Unity was launched with the -noUpm command-line argument
[Package Manager] Unable to send message (not connected to server process).
[Package Manager] Cannot connect to Unity Package Manager local server
ScheduleIndexationOnStartup MainProcess:False IndexOnStartup:True
Mono: successfully reloaded assembly
- Finished resetting the current domain, in  0.466 seconds
Domain Reload Profiling: 1036ms
	BeginReloadAssembly (169ms)
		ExecutionOrderSort (0ms)
		DisableScriptedObjects (0ms)
		BackupInstance (0ms)
		ReleaseScriptingObjects (0ms)
		CreateAndSetChildDomain (1ms)
	RebuildCommonClasses (57ms)
	RebuildNativeTypeToScriptingClass (18ms)
	initialDomainReloadingComplete (63ms)
	LoadAllAssembliesAndSetupDomain (262ms)
		LoadAssemblies (164ms)
		RebuildTransferFunctionScriptingTraits (0ms)
		AnalyzeDomain (258ms)
			TypeCache.Refresh (256ms)
				TypeCache.ScanAssembly (237ms)
			BuildScriptInfoCaches (0ms)
			ResolveRequiredComponents (1ms)
	FinalizeReload (467ms)
		ReleaseScriptCaches (0ms)
		RebuildScriptCaches (0ms)
		SetupLoadedEditorAssemblies (422ms)
			LogAssemblyErrors (0ms)
			InitializePlatformSupportModulesInManaged (57ms)
			SetLoadedEditorAssemblies (5ms)
			BeforeProcessingInitializeOnLoad (106ms)
			ProcessInitializeOnLoadAttributes (167ms)
			ProcessInitializeOnLoadMethodAttributes (87ms)
			AfterProcessingInitializeOnLoad (0ms)
			EditorAssembliesLoaded (0ms)
		ExecutionOrderSort2 (0ms)
		AwakeInstancesAfterBackupRestoration (0ms)
========================================================================
Worker process is ready to serve import requests
Import Worker Mode flag is 0x00
Begin MonoManager ReloadAssembly
[Licensing::Client] Successfully resolved entitlement details
[Licensing::Module] License group:
  Id: 18968429949123-UnityPersXXXX
  Product: Unity Personal
  Type: Assigned
  Expiration: Unlimited
- Loaded All Assemblies, in  0.950 seconds
Refreshing native plugins compatible for Editor in 1.19 ms, found 4 plugins.
Native extension for WindowsStandalone target not found
[Package Manager] Failed to launch server process. Reason: Unity was launched with the -noUpm command-line argument
[Package Manager] Unable to send message (not connected to server process).
[Package Manager] Cannot connect to Unity Package Manager local server
Refreshing native plugins compatible for Editor in 1.28 ms, found 4 plugins.
[Package Manager] Failed to launch server process. Reason: Unity was launched with the -noUpm command-line argument
[Package Manager] Unable to send message (not connected to server process).
[Package Manager] Cannot connect to Unity Package Manager local server
ScheduleIndexationOnStartup MainProcess:False IndexOnStartup:True
Mono: successfully reloaded assembly
- Finished resetting the current domain, in  0.845 seconds
Domain Reload Profiling: 1792ms
	BeginReloadAssembly (222ms)
		ExecutionOrderSort (0ms)
		DisableScriptedObjects (11ms)
		BackupInstance (0ms)
		ReleaseScriptingObjects (0ms)
		CreateAndSetChildDomain (38ms)
	RebuildCommonClasses (49ms)
	RebuildNativeTypeToScriptingClass (16ms)
	initialDomainReloadingComplete (47ms)
	LoadAllAssembliesAndSetupDomain (612ms)
		LoadAssemblies (417ms)
		RebuildTransferFunctionScriptingTraits (0ms)
		AnalyzeDomain (311ms)
			TypeCache.Refresh (225ms)
				TypeCache.ScanAssembly (205ms)
			BuildScriptInfoCaches (70ms)
			ResolveRequiredComponents (12ms)
	FinalizeReload (845ms)
		ReleaseScriptCaches (0ms)
		RebuildScriptCaches (0ms)
		SetupLoadedEditorAssemblies (617ms)
			LogAssemblyErrors (0ms)
			InitializePlatformSupportModulesInManaged (2ms)
			SetLoadedEditorAssemblies (4ms)
			BeforeProcessingInitializeOnLoad (149ms)
			ProcessInitializeOnLoadAttributes (384ms)
			ProcessInitializeOnLoadMethodAttributes (71ms)
			AfterProcessingInitializeOnLoad (6ms)
			EditorAssembliesLoaded (0ms)
		ExecutionOrderSort2 (0ms)
		AwakeInstancesAfterBackupRestoration (8ms)
Launched and connected shader compiler UnityShaderCompiler.exe after 0.01 seconds
Refreshing native plugins compatible for Editor in 2.01 ms, found 4 plugins.
Preloading 0 native plugins for Editor in 0.00 ms.
Unloading 16 Unused Serialized files (Serialized files now loaded: 0)
Unloading 6449 unused Assets / (5.3 MB). Loaded Objects now: 7248.
Memory consumption went from 151.4 MB to 146.1 MB.
Total: 20.221500 ms (FindLiveObjects: 1.480900 ms CreateObjectMapping: 2.696900 ms MarkObjects: 9.371200 ms  DeleteObjects: 6.670000 ms)

========================================================================
Received Import Request.
  Time since last request: 29963.933331 seconds.
  path: Assets/Mini First Person Controller/First Person Controller.prefab
  artifactKey: Guid(11aaea5348574644a9eb4f4504fcce3f) Importer(815301076,1909f56bfc062723c751e8b465ee728b)
Start importing Assets/Mini First Person Controller/First Person Controller.prefab using Guid(11aaea5348574644a9eb4f4504fcce3f) Importer(815301076,1909f56bfc062723c751e8b465ee728b) (PreviewImporter) -> (artifact id: 'a0e40c3746280dfe2146466bd62b0b55') in 0.6271945 seconds
Number of updated asset objects reloaded before import = 0Number of asset objects unloaded after import = 62

========================================================================
Received Import Request.
  Time since last request: 2.289061 seconds.
  path: Assets/Polytope Studio/Lowpoly_Demos
  artifactKey: Guid(96a08e9b3a862214b8c94c891f9b5a83) Importer(815301076,1909f56bfc062723c751e8b465ee728b)
Start importing Assets/Polytope Studio/Lowpoly_Demos using Guid(96a08e9b3a862214b8c94c891f9b5a83) Importer(815301076,1909f56bfc062723c751e8b465ee728b) (PreviewImporter) -> (artifact id: '107203e530ba9706044f417f6ff8329f') in 0.000785 seconds
Number of updated asset objects reloaded before import = 0Number of asset objects unloaded after import = 0

========================================================================
Received Import Request.
  Time since last request: 12.141857 seconds.
  path: Assets/Settings/DefaultVolumeProfile.asset
  artifactKey: Guid(ab09877e2e707104187f6f83e2f62510) Importer(815301076,1909f56bfc062723c751e8b465ee728b)
Start importing Assets/Settings/DefaultVolumeProfile.asset using Guid(ab09877e2e707104187f6f83e2f62510) Importer(815301076,1909f56bfc062723c751e8b465ee728b) (PreviewImporter) -> (artifact id: '2b49ee66048a657f1a2c2c26a8e96c10') in 0.0009286 seconds
Number of updated asset objects reloaded before import = 0Number of asset objects unloaded after import = 0

========================================================================
Received Import Request.
  Time since last request: 0.000061 seconds.
  path: Assets/Settings/Mobile_RPAsset.asset
  artifactKey: Guid(5e6cbd92db86f4b18aec3ed561671858) Importer(815301076,1909f56bfc062723c751e8b465ee728b)
Start importing Assets/Settings/Mobile_RPAsset.asset using Guid(5e6cbd92db86f4b18aec3ed561671858) Importer(815301076,1909f56bfc062723c751e8b465ee728b) (PreviewImporter) -> (artifact id: 'f5f501c31461587f03f65d954447c526') in 0.0016341 seconds
Number of updated asset objects reloaded before import = 0Number of asset objects unloaded after import = 2

========================================================================
Received Import Request.
  Time since last request: 0.000035 seconds.
  path: Assets/Settings/PC_RPAsset.asset
  artifactKey: Guid(4b83569d67af61e458304325a23e5dfd) Importer(815301076,1909f56bfc062723c751e8b465ee728b)
Start importing Assets/Settings/PC_RPAsset.asset using Guid(4b83569d67af61e458304325a23e5dfd) Importer(815301076,1909f56bfc062723c751e8b465ee728b) (PreviewImporter) -> (artifact id: '1ae99af97d21af08fa26899be978f520') in 0.0008725 seconds
Number of updated asset objects reloaded before import = 0Number of asset objects unloaded after import = 0

========================================================================
Received Import Request.
  Time since last request: 0.000040 seconds.
  path: Assets/Settings/PC_Renderer.asset
  artifactKey: Guid(f288ae1f4751b564a96ac7587541f7a2) Importer(815301076,1909f56bfc062723c751e8b465ee728b)
Start importing Assets/Settings/PC_Renderer.asset using Guid(f288ae1f4751b564a96ac7587541f7a2) Importer(815301076,1909f56bfc062723c751e8b465ee728b) (PreviewImporter) -> (artifact id: 'b5595849c30a826d437072badaba5c31') in 0.0012384 seconds
Number of updated asset objects reloaded before import = 0Number of asset objects unloaded after import = 0

========================================================================
Received Import Request.
  Time since last request: 237.765506 seconds.
  path: Assets/BrokenVector/LowPolyRoadPack/Models/Highway Bridge 1.dae
  artifactKey: Guid(de9f00a88308eb741b7da04ed6699c0b) Importer(2089858483,b0f066a214c2f5e87bad3c948f4d605d)
Start importing Assets/BrokenVector/LowPolyRoadPack/Models/Highway Bridge 1.dae using Guid(de9f00a88308eb741b7da04ed6699c0b) Importer(2089858483,b0f066a214c2f5e87bad3c948f4d605d) (ScriptedImporter) -> (artifact id: 'dc6ee910347aeb849079f9cc38b18a5d') in 0.1797754 seconds
Number of updated asset objects reloaded before import = 0Number of asset objects unloaded after import = 8

========================================================================
Received Import Request.
  Time since last request: 0.000077 seconds.
  path: Assets/BrokenVector/LowPolyRoadPack/Prefabs/Highway Join Highway 2.prefab
  artifactKey: Guid(51c576822a7a42345b47955233d25adb) Importer(2089858483,b0f066a214c2f5e87bad3c948f4d605d)
Start importing Assets/BrokenVector/LowPolyRoadPack/Prefabs/Highway Join Highway 2.prefab using Guid(51c576822a7a42345b47955233d25adb) Importer(2089858483,b0f066a214c2f5e87bad3c948f4d605d) (ScriptedImporter) -> (artifact id: '521ca7f2d3c666ab346a93fcc333c54b') in 0.0191817 seconds
Number of updated asset objects reloaded before import = 0Number of asset objects unloaded after import = 10

========================================================================
Received Import Request.
  Time since last request: 0.000075 seconds.
  path: Assets/BrokenVector/LowPolyRoadPack/Models/SingleLane Curve.dae
  artifactKey: Guid(61ebcd8c80cab1a4e9864d570e883fe2) Importer(2089858483,b0f066a214c2f5e87bad3c948f4d605d)
Start importing Assets/BrokenVector/LowPolyRoadPack/Models/SingleLane Curve.dae using Guid(61ebcd8c80cab1a4e9864d570e883fe2) Importer(2089858483,b0f066a214c2f5e87bad3c948f4d605d) (ScriptedImporter) -> (artifact id: 'f4ad9882df8e0ce86eacb7a519e9cdc9') in 0.0232031 seconds
Number of updated asset objects reloaded before import = 0Number of asset objects unloaded after import = 8

========================================================================
Received Import Request.
  Time since last request: 0.000039 seconds.
  path: Assets/BrokenVector/LowPolyRoadPack/Models/SingleLane Straight 1.dae
  artifactKey: Guid(69f4b809270776f4aaa4b23e75155df2) Importer(2089858483,b0f066a214c2f5e87bad3c948f4d605d)
Start importing Assets/BrokenVector/LowPolyRoadPack/Models/SingleLane Straight 1.dae using Guid(69f4b809270776f4aaa4b23e75155df2) Importer(2089858483,b0f066a214c2f5e87bad3c948f4d605d) (ScriptedImporter) -> (artifact id: 'a6bf48131865226b9b3fcdad3c639598') in 0.0212741 seconds
Number of updated asset objects reloaded before import = 0Number of asset objects unloaded after import = 8

========================================================================
Received Import Request.
  Time since last request: 0.000051 seconds.
  path: Assets/BrokenVector/LowPolyRoadPack/Models/Parkinglot Entrance.dae
  artifactKey: Guid(c123f92dda3cc22459ede19497c88734) Importer(2089858483,b0f066a214c2f5e87bad3c948f4d605d)
Start importing Assets/BrokenVector/LowPolyRoadPack/Models/Parkinglot Entrance.dae using Guid(c123f92dda3cc22459ede19497c88734) Importer(2089858483,b0f066a214c2f5e87bad3c948f4d605d) (ScriptedImporter) -> (artifact id: '9014a6f5fcc66880f9628ae3bf9d2e2b') in 0.0211678 seconds
Number of updated asset objects reloaded before import = 0Number of asset objects unloaded after import = 8

========================================================================
Received Import Request.
  Time since last request: 0.000047 seconds.
  path: Assets/BrokenVector/LowPolyRoadPack/Models/Car 1.dae
  artifactKey: Guid(26e8d194fbf5bca409d8e2a931e7a028) Importer(2089858483,b0f066a214c2f5e87bad3c948f4d605d)
Start importing Assets/BrokenVector/LowPolyRoadPack/Models/Car 1.dae using Guid(26e8d194fbf5bca409d8e2a931e7a028) Importer(2089858483,b0f066a214c2f5e87bad3c948f4d605d) (ScriptedImporter) -> (artifact id: 'cfeca1b5837324dd6395867f2b1d06ba') in 0.0221373 seconds
Number of updated asset objects reloaded before import = 0Number of asset objects unloaded after import = 34

========================================================================
Received Import Request.
  Time since last request: 0.000081 seconds.
  path: Assets/BrokenVector/LowPolyRoadPack/Models/Highway Straight 4.dae
  artifactKey: Guid(6390c4a61a53b5446adaed9ccacea90d) Importer(2089858483,b0f066a214c2f5e87bad3c948f4d605d)
Start importing Assets/BrokenVector/LowPolyRoadPack/Models/Highway Straight 4.dae using Guid(6390c4a61a53b5446adaed9ccacea90d) Importer(2089858483,b0f066a214c2f5e87bad3c948f4d605d) (ScriptedImporter) -> (artifact id: '4aabbe5604435a60992d5bae8670c631') in 0.0289741 seconds
Number of updated asset objects reloaded before import = 0Number of asset objects unloaded after import = 8

========================================================================
Received Import Request.
  Time since last request: 0.000039 seconds.
  path: Assets/BrokenVector/LowPolyRoadPack/Prefabs/Parkinglot Edge 2.prefab
  artifactKey: Guid(7df4389373e28db469018e35144066e4) Importer(2089858483,b0f066a214c2f5e87bad3c948f4d605d)
Start importing Assets/BrokenVector/LowPolyRoadPack/Prefabs/Parkinglot Edge 2.prefab using Guid(7df4389373e28db469018e35144066e4) Importer(2089858483,b0f066a214c2f5e87bad3c948f4d605d) (ScriptedImporter) -> (artifact id: '0fbe6da505a856ee909b4e43e40b5daf') in 0.026632 seconds
Number of updated asset objects reloaded before import = 0Number of asset objects unloaded after import = 9

========================================================================
Received Import Request.
  Time since last request: 0.000051 seconds.
  path: Assets/BrokenVector/LowPolyRoadPack/Models/Freeway Join Freeway 2.dae
  artifactKey: Guid(333adb85cff2d42459cd00449998046f) Importer(2089858483,b0f066a214c2f5e87bad3c948f4d605d)
Start importing Assets/BrokenVector/LowPolyRoadPack/Models/Freeway Join Freeway 2.dae using Guid(333adb85cff2d42459cd00449998046f) Importer(2089858483,b0f066a214c2f5e87bad3c948f4d605d) (ScriptedImporter) -> (artifact id: '8e46daae91d28930c1d570e92111a5c3') in 0.0252669 seconds
Number of updated asset objects reloaded before import = 0Number of asset objects unloaded after import = 8

========================================================================
Received Import Request.
  Time since last request: 0.000039 seconds.
  path: Assets/BrokenVector/LowPolyRoadPack/Models/Road Cross Road.dae
  artifactKey: Guid(8a74d4154e3078a498c1bf96dc3d1660) Importer(2089858483,b0f066a214c2f5e87bad3c948f4d605d)
Start importing Assets/BrokenVector/LowPolyRoadPack/Models/Road Cross Road.dae using Guid(8a74d4154e3078a498c1bf96dc3d1660) Importer(2089858483,b0f066a214c2f5e87bad3c948f4d605d) (ScriptedImporter) -> (artifact id: 'fd2fc9f22981ee8cdd5d0fc16561fde8') in 0.0217231 seconds
Number of updated asset objects reloaded before import = 0Number of asset objects unloaded after import = 8

========================================================================
Received Import Request.
  Time since last request: 0.000068 seconds.
  path: Assets/BrokenVector/LowPolyRoadPack/Prefabs/Parkinglot Edge 1.prefab
  artifactKey: Guid(3851756c71fc60741a0f9a8b4cf1a908) Importer(2089858483,b0f066a214c2f5e87bad3c948f4d605d)
Start importing Assets/BrokenVector/LowPolyRoadPack/Prefabs/Parkinglot Edge 1.prefab using Guid(3851756c71fc60741a0f9a8b4cf1a908) Importer(2089858483,b0f066a214c2f5e87bad3c948f4d605d) (ScriptedImporter) -> (artifact id: '774d9f4b9ab73d023baf81548e0cb573') in 0.023149 seconds
Number of updated asset objects reloaded before import = 0Number of asset objects unloaded after import = 9

========================================================================
Received Import Request.
  Time since last request: 0.000032 seconds.
  path: Assets/BrokenVector/LowPolyRoadPack/Prefabs/Road Join Road.prefab
  artifactKey: Guid(c5fef14080d92e1448368c964f4f1552) Importer(2089858483,b0f066a214c2f5e87bad3c948f4d605d)
Start importing Assets/BrokenVector/LowPolyRoadPack/Prefabs/Road Join Road.prefab using Guid(c5fef14080d92e1448368c964f4f1552) Importer(2089858483,b0f066a214c2f5e87bad3c948f4d605d) (ScriptedImporter) -> (artifact id: 'aaf9a8eb6f074dc1786cc226ac39f336') in 0.0196503 seconds
Number of updated asset objects reloaded before import = 0Number of asset objects unloaded after import = 9

========================================================================
Received Import Request.
  Time since last request: 0.000035 seconds.
  path: Assets/BrokenVector/LowPolyRoadPack/Models/Freeway Curve 1.dae
  artifactKey: Guid(aebfc22149f8d2a45a601caf54845bba) Importer(2089858483,b0f066a214c2f5e87bad3c948f4d605d)
Start importing Assets/BrokenVector/LowPolyRoadPack/Models/Freeway Curve 1.dae using Guid(aebfc22149f8d2a45a601caf54845bba) Importer(2089858483,b0f066a214c2f5e87bad3c948f4d605d) (ScriptedImporter) -> (artifact id: '9316330f8276b638e76d89f320b2bdbc') in 0.0243513 seconds
Number of updated asset objects reloaded before import = 0Number of asset objects unloaded after import = 8

========================================================================
Received Import Request.
  Time since last request: 0.000034 seconds.
  path: Assets/BrokenVector/LowPolyRoadPack/Demo/Landscape/Houses.009.dae
  artifactKey: Guid(46908de83c0ca15498206df2dc007ea0) Importer(2089858483,b0f066a214c2f5e87bad3c948f4d605d)
Start importing Assets/BrokenVector/LowPolyRoadPack/Demo/Landscape/Houses.009.dae using Guid(46908de83c0ca15498206df2dc007ea0) Importer(2089858483,b0f066a214c2f5e87bad3c948f4d605d) (ScriptedImporter) -> (artifact id: 'ae2eb324d2e9910268d601ddd5835525') in 0.0271082 seconds
Number of updated asset objects reloaded before import = 0Number of asset objects unloaded after import = 9

========================================================================
Received Import Request.
  Time since last request: 0.000064 seconds.
  path: Assets/BrokenVector/LowPolyRoadPack/Models/Freeway Join Freeway 1.dae
  artifactKey: Guid(18532e9f65bee84488936fca5f9fe8c9) Importer(2089858483,b0f066a214c2f5e87bad3c948f4d605d)
Start importing Assets/BrokenVector/LowPolyRoadPack/Models/Freeway Join Freeway 1.dae using Guid(18532e9f65bee84488936fca5f9fe8c9) Importer(2089858483,b0f066a214c2f5e87bad3c948f4d605d) (ScriptedImporter) -> (artifact id: '8283955db140ea6a933880a616046767') in 0.0199188 seconds
Number of updated asset objects reloaded before import = 0Number of asset objects unloaded after import = 8

========================================================================
Received Import Request.
  Time since last request: 0.000041 seconds.
  path: Assets/BrokenVector/LowPolyRoadPack/Prefabs/Road Jump.prefab
  artifactKey: Guid(d995f875a84ca0f4c952dd644d6dbd0e) Importer(2089858483,b0f066a214c2f5e87bad3c948f4d605d)
Start importing Assets/BrokenVector/LowPolyRoadPack/Prefabs/Road Jump.prefab using Guid(d995f875a84ca0f4c952dd644d6dbd0e) Importer(2089858483,b0f066a214c2f5e87bad3c948f4d605d) (ScriptedImporter) -> (artifact id: '3ce580bb5f0fa51043772e41e4b04fc8') in 0.0158086 seconds
Number of updated asset objects reloaded before import = 0Number of asset objects unloaded after import = 9

========================================================================
Received Import Request.
  Time since last request: 0.000043 seconds.
  path: Assets/BrokenVector/LowPolyRoadPack/Prefabs/Car 2.prefab
  artifactKey: Guid(8a6f09027b5c26b4b8d2f6d00dbce6d1) Importer(2089858483,b0f066a214c2f5e87bad3c948f4d605d)
Start importing Assets/BrokenVector/LowPolyRoadPack/Prefabs/Car 2.prefab using Guid(8a6f09027b5c26b4b8d2f6d00dbce6d1) Importer(2089858483,b0f066a214c2f5e87bad3c948f4d605d) (ScriptedImporter) -> (artifact id: '16e150f80718e6913f1ea18bd850cab7') in 0.0176789 seconds
Number of updated asset objects reloaded before import = 0Number of asset objects unloaded after import = 34

========================================================================
Received Import Request.
  Time since last request: 0.000054 seconds.
  path: Assets/BrokenVector/LowPolyRoadPack/Prefabs/Road Straight 2.prefab
  artifactKey: Guid(b902c7d22d14fa843846ba35e963190b) Importer(2089858483,b0f066a214c2f5e87bad3c948f4d605d)
Start importing Assets/BrokenVector/LowPolyRoadPack/Prefabs/Road Straight 2.prefab using Guid(b902c7d22d14fa843846ba35e963190b) Importer(2089858483,b0f066a214c2f5e87bad3c948f4d605d) (ScriptedImporter) -> (artifact id: 'd5d14a7327ffb8560ccff8a91f6d756d') in 0.0201229 seconds
Number of updated asset objects reloaded before import = 0Number of asset objects unloaded after import = 9

========================================================================
Received Import Request.
  Time since last request: 0.000046 seconds.
  path: Assets/BrokenVector/LowPolyRoadPack/Models/Highway Bridge 2.dae
  artifactKey: Guid(306a3142baf3c0f48acf183ab9a53a05) Importer(2089858483,b0f066a214c2f5e87bad3c948f4d605d)
Start importing Assets/BrokenVector/LowPolyRoadPack/Models/Highway Bridge 2.dae using Guid(306a3142baf3c0f48acf183ab9a53a05) Importer(2089858483,b0f066a214c2f5e87bad3c948f4d605d) (ScriptedImporter) -> (artifact id: '31d62ca93136fe779744cc8927e60dec') in 0.0191546 seconds
Number of updated asset objects reloaded before import = 0Number of asset objects unloaded after import = 8

========================================================================
Received Import Request.
  Time since last request: 0.000063 seconds.
  path: Assets/BrokenVector/LowPolyRoadPack/Prefabs/Tunnel Curve.prefab
  artifactKey: Guid(72e0f34fa25621649ab63b1abedef4d9) Importer(2089858483,b0f066a214c2f5e87bad3c948f4d605d)
Start importing Assets/BrokenVector/LowPolyRoadPack/Prefabs/Tunnel Curve.prefab using Guid(72e0f34fa25621649ab63b1abedef4d9) Importer(2089858483,b0f066a214c2f5e87bad3c948f4d605d) (ScriptedImporter) -> (artifact id: '5141514af204133fd405c88ed632a373') in 0.0171683 seconds
Number of updated asset objects reloaded before import = 0Number of asset objects unloaded after import = 9

========================================================================
Received Import Request.
  Time since last request: 0.000036 seconds.
  path: Assets/BrokenVector/LowPolyRoadPack/Models/Tunnel Straight 1.dae
  artifactKey: Guid(9ebbcf9ad75b23c4b8f2a497607627bb) Importer(2089858483,b0f066a214c2f5e87bad3c948f4d605d)
Start importing Assets/BrokenVector/LowPolyRoadPack/Models/Tunnel Straight 1.dae using Guid(9ebbcf9ad75b23c4b8f2a497607627bb) Importer(2089858483,b0f066a214c2f5e87bad3c948f4d605d) (ScriptedImporter) -> (artifact id: 'c0e3bfbeaedb8e1847e132209e1f1753') in 0.0246009 seconds
Number of updated asset objects reloaded before import = 0Number of asset objects unloaded after import = 8

========================================================================
Received Import Request.
  Time since last request: 0.000042 seconds.
  path: Assets/BrokenVector/LowPolyRoadPack/Models/Freeway Straight 1.dae
  artifactKey: Guid(d515ab1e7b3b8254b942625c58c86f91) Importer(2089858483,b0f066a214c2f5e87bad3c948f4d605d)
Start importing Assets/BrokenVector/LowPolyRoadPack/Models/Freeway Straight 1.dae using Guid(d515ab1e7b3b8254b942625c58c86f91) Importer(2089858483,b0f066a214c2f5e87bad3c948f4d605d) (ScriptedImporter) -> (artifact id: '2b2254ec2bdb5daa1982e6baaacbb4da') in 0.0237341 seconds
Number of updated asset objects reloaded before import = 0Number of asset objects unloaded after import = 8

========================================================================
Received Import Request.
  Time since last request: 0.000060 seconds.
  path: Assets/BrokenVector/LowPolyRoadPack/Textures/Car Colorscheme 1.png
  artifactKey: Guid(c345e8b354c41dd4287a1f319bb8bb8b) Importer(2089858483,b0f066a214c2f5e87bad3c948f4d605d)
Start importing Assets/BrokenVector/LowPolyRoadPack/Textures/Car Colorscheme 1.png using Guid(c345e8b354c41dd4287a1f319bb8bb8b) Importer(2089858483,b0f066a214c2f5e87bad3c948f4d605d) (ScriptedImporter) -> (artifact id: 'dedfb28e8031479c2c0c42493b61e867') in 0.0979545 seconds
Number of updated asset objects reloaded before import = 0Number of asset objects unloaded after import = 1

========================================================================
Received Import Request.
  Time since last request: 0.000062 seconds.
  path: Assets/BrokenVector/LowPolyRoadPack/Demo/Landscape/Houses.013.dae
  artifactKey: Guid(facee1ea21c798142b0bbba6183d9d69) Importer(2089858483,b0f066a214c2f5e87bad3c948f4d605d)
Start importing Assets/BrokenVector/LowPolyRoadPack/Demo/Landscape/Houses.013.dae using Guid(facee1ea21c798142b0bbba6183d9d69) Importer(2089858483,b0f066a214c2f5e87bad3c948f4d605d) (ScriptedImporter) -> (artifact id: '0be9847a62cad2ddd4bbaed1b336d024') in 0.0216683 seconds
Number of updated asset objects reloaded before import = 0Number of asset objects unloaded after import = 9

========================================================================
Received Import Request.
  Time since last request: 0.000044 seconds.
  path: Assets/BrokenVector/LowPolyRoadPack/Prefabs/Parkinglot Center 2.prefab
  artifactKey: Guid(5687d55acdf3c094aa163098fed8dbbc) Importer(2089858483,b0f066a214c2f5e87bad3c948f4d605d)
Start importing Assets/BrokenVector/LowPolyRoadPack/Prefabs/Parkinglot Center 2.prefab using Guid(5687d55acdf3c094aa163098fed8dbbc) Importer(2089858483,b0f066a214c2f5e87bad3c948f4d605d) (ScriptedImporter) -> (artifact id: 'fc3d4ec75ee85b5c14e908ec1c2dd751') in 0.0251322 seconds
Number of updated asset objects reloaded before import = 0Number of asset objects unloaded after import = 9

========================================================================
Received Import Request.
  Time since last request: 0.000042 seconds.
  path: Assets/BrokenVector/LowPolyRoadPack/Prefabs/SingleLane Straight 2.prefab
  artifactKey: Guid(da7d67abfde295449857038a411bd14a) Importer(2089858483,b0f066a214c2f5e87bad3c948f4d605d)
Start importing Assets/BrokenVector/LowPolyRoadPack/Prefabs/SingleLane Straight 2.prefab using Guid(da7d67abfde295449857038a411bd14a) Importer(2089858483,b0f066a214c2f5e87bad3c948f4d605d) (ScriptedImporter) -> (artifact id: 'a5b9498f2e7250569eb1231aeaf95cea') in 0.0229529 seconds
Number of updated asset objects reloaded before import = 0Number of asset objects unloaded after import = 9

========================================================================
Received Import Request.
  Time since last request: 0.000057 seconds.
  path: Assets/BrokenVector/LowPolyRoadPack/Prefabs/SingleLane S-Curve.prefab
  artifactKey: Guid(5d8d2fcae15c57f46b59943e3db78e5b) Importer(2089858483,b0f066a214c2f5e87bad3c948f4d605d)
Start importing Assets/BrokenVector/LowPolyRoadPack/Prefabs/SingleLane S-Curve.prefab using Guid(5d8d2fcae15c57f46b59943e3db78e5b) Importer(2089858483,b0f066a214c2f5e87bad3c948f4d605d) (ScriptedImporter) -> (artifact id: 'd81ad8fa08fa7a2c69dd95984a51bd3e') in 0.0162201 seconds
Number of updated asset objects reloaded before import = 0Number of asset objects unloaded after import = 9

========================================================================
Received Import Request.
  Time since last request: 0.000044 seconds.
  path: Assets/BrokenVector/LowPolyRoadPack/Models/Parkinglot Edge 2.dae
  artifactKey: Guid(f05a64e3c823b5247ad0f4f8f37f52f1) Importer(2089858483,b0f066a214c2f5e87bad3c948f4d605d)
Start importing Assets/BrokenVector/LowPolyRoadPack/Models/Parkinglot Edge 2.dae using Guid(f05a64e3c823b5247ad0f4f8f37f52f1) Importer(2089858483,b0f066a214c2f5e87bad3c948f4d605d) (ScriptedImporter) -> (artifact id: '35065bef95e845b3c5a859c6ac3cad39') in 0.0184304 seconds
Number of updated asset objects reloaded before import = 0Number of asset objects unloaded after import = 8

========================================================================
Received Import Request.
  Time since last request: 0.000037 seconds.
  path: Assets/BrokenVector/LowPolyRoadPack/Prefabs/Highway Cross Highway.prefab
  artifactKey: Guid(ea578c43b60d6d4448daa4d3c1ac0e8b) Importer(2089858483,b0f066a214c2f5e87bad3c948f4d605d)
Start importing Assets/BrokenVector/LowPolyRoadPack/Prefabs/Highway Cross Highway.prefab using Guid(ea578c43b60d6d4448daa4d3c1ac0e8b) Importer(2089858483,b0f066a214c2f5e87bad3c948f4d605d) (ScriptedImporter) -> (artifact id: '31d54c611aa44eccb307ccd45d7e7833') in 0.0164346 seconds
Number of updated asset objects reloaded before import = 0Number of asset objects unloaded after import = 9

========================================================================
Received Import Request.
  Time since last request: 0.000044 seconds.
  path: Assets/BrokenVector/LowPolyRoadPack/Models/Freeway Curve 2.dae
  artifactKey: Guid(d2b804c3ccb706e469c72128589fb32c) Importer(2089858483,b0f066a214c2f5e87bad3c948f4d605d)
Start importing Assets/BrokenVector/LowPolyRoadPack/Models/Freeway Curve 2.dae using Guid(d2b804c3ccb706e469c72128589fb32c) Importer(2089858483,b0f066a214c2f5e87bad3c948f4d605d) (ScriptedImporter) -> (artifact id: '6732c3b08741804cc6f8ca3251f2ddd6') in 0.0194618 seconds
Number of updated asset objects reloaded before import = 0Number of asset objects unloaded after import = 8

========================================================================
Received Import Request.
  Time since last request: 0.000030 seconds.
  path: Assets/BrokenVector/LowPolyRoadPack/Prefabs/Parkinglot Edge 4.prefab
  artifactKey: Guid(4d2cdf2836f78914f85386a10cd7db79) Importer(2089858483,b0f066a214c2f5e87bad3c948f4d605d)
Start importing Assets/BrokenVector/LowPolyRoadPack/Prefabs/Parkinglot Edge 4.prefab using Guid(4d2cdf2836f78914f85386a10cd7db79) Importer(2089858483,b0f066a214c2f5e87bad3c948f4d605d) (ScriptedImporter) -> (artifact id: 'ca2307d293eb82f28d17ad90c629b113') in 0.0218132 seconds
Number of updated asset objects reloaded before import = 0Number of asset objects unloaded after import = 9

========================================================================
Received Import Request.
  Time since last request: 0.000044 seconds.
  path: Assets/BrokenVector/LowPolyRoadPack/Prefabs/Freeway Curve 1.prefab
  artifactKey: Guid(6373f7d3f749b254081c2c8c9372face) Importer(2089858483,b0f066a214c2f5e87bad3c948f4d605d)
Start importing Assets/BrokenVector/LowPolyRoadPack/Prefabs/Freeway Curve 1.prefab using Guid(6373f7d3f749b254081c2c8c9372face) Importer(2089858483,b0f066a214c2f5e87bad3c948f4d605d) (ScriptedImporter) -> (artifact id: 'e187977b3bff4be165ff6cb692778d06') in 0.0179161 seconds
Number of updated asset objects reloaded before import = 0Number of asset objects unloaded after import = 10

========================================================================
Received Import Request.
  Time since last request: 0.000054 seconds.
  path: Assets/BrokenVector/LowPolyRoadPack/Prefabs/Highway Bridge 2.prefab
  artifactKey: Guid(25e5c01865542e449bf00fcc40da6a11) Importer(2089858483,b0f066a214c2f5e87bad3c948f4d605d)
Start importing Assets/BrokenVector/LowPolyRoadPack/Prefabs/Highway Bridge 2.prefab using Guid(25e5c01865542e449bf00fcc40da6a11) Importer(2089858483,b0f066a214c2f5e87bad3c948f4d605d) (ScriptedImporter) -> (artifact id: '911add8a46d83068c23293041561b8d2') in 0.0154359 seconds
Number of updated asset objects reloaded before import = 0Number of asset objects unloaded after import = 10

========================================================================
Received Import Request.
  Time since last request: 0.000031 seconds.
  path: Assets/BrokenVector/LowPolyRoadPack/Models
  artifactKey: Guid(f3312f4dcef561c4c8f1651abc38bd15) Importer(2089858483,b0f066a214c2f5e87bad3c948f4d605d)
Start importing Assets/BrokenVector/LowPolyRoadPack/Models using Guid(f3312f4dcef561c4c8f1651abc38bd15) Importer(2089858483,b0f066a214c2f5e87bad3c948f4d605d) (ScriptedImporter) -> (artifact id: '1ad4a9b9e72ba584fb4b0559ceaddee6') in 0.0125976 seconds
Number of updated asset objects reloaded before import = 0Number of asset objects unloaded after import = 1

========================================================================
Received Import Request.
  Time since last request: 0.000036 seconds.
  path: Assets/BrokenVector/LowPolyRoadPack/Demo/Landscape/Houses.004.dae
  artifactKey: Guid(f9b12965751b78e4d807b064d0420bb9) Importer(2089858483,b0f066a214c2f5e87bad3c948f4d605d)
Start importing Assets/BrokenVector/LowPolyRoadPack/Demo/Landscape/Houses.004.dae using Guid(f9b12965751b78e4d807b064d0420bb9) Importer(2089858483,b0f066a214c2f5e87bad3c948f4d605d) (ScriptedImporter) -> (artifact id: '7a81636fe9bec6452e29e028f7dc2e78') in 0.0218293 seconds
Number of updated asset objects reloaded before import = 0Number of asset objects unloaded after import = 9

========================================================================
Received Import Request.
  Time since last request: 0.000037 seconds.
  path: Assets/BrokenVector/LowPolyRoadPack/Prefabs/Road Lift Highway.prefab
  artifactKey: Guid(fc9bdb938304f4e45bc5977a6f3058df) Importer(2089858483,b0f066a214c2f5e87bad3c948f4d605d)
Start importing Assets/BrokenVector/LowPolyRoadPack/Prefabs/Road Lift Highway.prefab using Guid(fc9bdb938304f4e45bc5977a6f3058df) Importer(2089858483,b0f066a214c2f5e87bad3c948f4d605d) (ScriptedImporter) -> (artifact id: 'f4b157319e0dda49d51e058031ed692c') in 0.019972 seconds
Number of updated asset objects reloaded before import = 0Number of asset objects unloaded after import = 9

========================================================================
Received Import Request.
  Time since last request: 0.000054 seconds.
  path: Assets/BrokenVector/LowPolyRoadPack/Prefabs/Freeway Join Freeway 2.prefab
  artifactKey: Guid(409109bbaa58cf340b5fea204e6aac85) Importer(2089858483,b0f066a214c2f5e87bad3c948f4d605d)
Start importing Assets/BrokenVector/LowPolyRoadPack/Prefabs/Freeway Join Freeway 2.prefab using Guid(409109bbaa58cf340b5fea204e6aac85) Importer(2089858483,b0f066a214c2f5e87bad3c948f4d605d) (ScriptedImporter) -> (artifact id: 'a9234e06e258897c6d4c63e376ba0291') in 0.0230422 seconds
Number of updated asset objects reloaded before import = 0Number of asset objects unloaded after import = 10

========================================================================
Received Import Request.
  Time since last request: 0.000046 seconds.
  path: Assets/BrokenVector/LowPolyRoadPack/Prefabs/Parkinglot Corner 3.prefab
  artifactKey: Guid(0dd93b050725d874f92e2caeffb53367) Importer(2089858483,b0f066a214c2f5e87bad3c948f4d605d)
Start importing Assets/BrokenVector/LowPolyRoadPack/Prefabs/Parkinglot Corner 3.prefab using Guid(0dd93b050725d874f92e2caeffb53367) Importer(2089858483,b0f066a214c2f5e87bad3c948f4d605d) (ScriptedImporter) -> (artifact id: 'fca57c0f2a558cbd97155975af5310e0') in 0.0208377 seconds
Number of updated asset objects reloaded before import = 0Number of asset objects unloaded after import = 9

========================================================================
Received Import Request.
  Time since last request: 0.000029 seconds.
  path: Assets/BrokenVector/LowPolyRoadPack/Textures
  artifactKey: Guid(b8b53b1ddd2ca5a479d42436f8e1f17a) Importer(2089858483,b0f066a214c2f5e87bad3c948f4d605d)
Start importing Assets/BrokenVector/LowPolyRoadPack/Textures using Guid(b8b53b1ddd2ca5a479d42436f8e1f17a) Importer(2089858483,b0f066a214c2f5e87bad3c948f4d605d) (ScriptedImporter) -> (artifact id: 'b5eae4d05462d7a040ff00da6797f395') in 0.0120096 seconds
Number of updated asset objects reloaded before import = 0Number of asset objects unloaded after import = 1

========================================================================
Received Import Request.
  Time since last request: 0.000036 seconds.
  path: Assets/BrokenVector/LowPolyRoadPack/Prefabs/Freeway Join Freeway 1.prefab
  artifactKey: Guid(0956ca3f790e2b44eabfe04ddcb999f7) Importer(2089858483,b0f066a214c2f5e87bad3c948f4d605d)
Start importing Assets/BrokenVector/LowPolyRoadPack/Prefabs/Freeway Join Freeway 1.prefab using Guid(0956ca3f790e2b44eabfe04ddcb999f7) Importer(2089858483,b0f066a214c2f5e87bad3c948f4d605d) (ScriptedImporter) -> (artifact id: '5ffdd358b3b6236dd4f54c85fdb4134f') in 0.0230537 seconds
Number of updated asset objects reloaded before import = 0Number of asset objects unloaded after import = 10

========================================================================
Received Import Request.
  Time since last request: 0.000040 seconds.
  path: Assets/BrokenVector/LowPolyRoadPack/Models/Highway Cross Road.dae
  artifactKey: Guid(cfcf77940ff021942bc50517e56d54cb) Importer(2089858483,b0f066a214c2f5e87bad3c948f4d605d)
Start importing Assets/BrokenVector/LowPolyRoadPack/Models/Highway Cross Road.dae using Guid(cfcf77940ff021942bc50517e56d54cb) Importer(2089858483,b0f066a214c2f5e87bad3c948f4d605d) (ScriptedImporter) -> (artifact id: '0b9674cd0e70bf85993150c69a3b2808') in 0.0218347 seconds
Number of updated asset objects reloaded before import = 0Number of asset objects unloaded after import = 8

========================================================================
Received Import Request.
  Time since last request: 0.000045 seconds.
  path: Assets/BrokenVector/LowPolyRoadPack/Demo/Landscape/Mountain.dae
  artifactKey: Guid(f494957cbd9ff2b498af112b5c3ea4d8) Importer(2089858483,b0f066a214c2f5e87bad3c948f4d605d)
Start importing Assets/BrokenVector/LowPolyRoadPack/Demo/Landscape/Mountain.dae using Guid(f494957cbd9ff2b498af112b5c3ea4d8) Importer(2089858483,b0f066a214c2f5e87bad3c948f4d605d) (ScriptedImporter) -> (artifact id: '9a8b8a8a6d234eedc049f0ae46d3c853') in 0.0276444 seconds
Number of updated asset objects reloaded before import = 0Number of asset objects unloaded after import = 8

========================================================================
Received Import Request.
  Time since last request: 0.000132 seconds.
  path: Assets/BrokenVector/LowPolyRoadPack/Models/Road S-Curve.dae
  artifactKey: Guid(1f10034eb2d822e47b73756fa15f8b69) Importer(2089858483,b0f066a214c2f5e87bad3c948f4d605d)
Start importing Assets/BrokenVector/LowPolyRoadPack/Models/Road S-Curve.dae using Guid(1f10034eb2d822e47b73756fa15f8b69) Importer(2089858483,b0f066a214c2f5e87bad3c948f4d605d) (ScriptedImporter) -> (artifact id: '73e2c4f105c7f3a2c6fcdab0c54f4eb4') in 0.0256742 seconds
Number of updated asset objects reloaded before import = 0Number of asset objects unloaded after import = 8

========================================================================
Received Import Request.
  Time since last request: 0.000062 seconds.
  path: Assets/BrokenVector/LowPolyRoadPack/Models/Parkinglot Edge 4.dae
  artifactKey: Guid(de7d72739316cac4eae2ef92efa78c8d) Importer(2089858483,b0f066a214c2f5e87bad3c948f4d605d)
Start importing Assets/BrokenVector/LowPolyRoadPack/Models/Parkinglot Edge 4.dae using Guid(de7d72739316cac4eae2ef92efa78c8d) Importer(2089858483,b0f066a214c2f5e87bad3c948f4d605d) (ScriptedImporter) -> (artifact id: 'db5b2932e49d0446676a25dc9165b25c') in 0.0242773 seconds
Number of updated asset objects reloaded before import = 0Number of asset objects unloaded after import = 8

========================================================================
Received Import Request.
  Time since last request: 0.000032 seconds.
  path: Assets/BrokenVector/LowPolyRoadPack/Materials/Car Colorscheme 1.mat
  artifactKey: Guid(3889c423b8feed645aeba90d0e940408) Importer(2089858483,b0f066a214c2f5e87bad3c948f4d605d)
Start importing Assets/BrokenVector/LowPolyRoadPack/Materials/Car Colorscheme 1.mat using Guid(3889c423b8feed645aeba90d0e940408) Importer(2089858483,b0f066a214c2f5e87bad3c948f4d605d) (ScriptedImporter) -> (artifact id: 'c80ea268c7e158cc1d4a3599e6bc33ea') in 0.0267163 seconds
Number of updated asset objects reloaded before import = 0Number of asset objects unloaded after import = 2

========================================================================
Received Import Request.
  Time since last request: 0.000047 seconds.
  path: Assets/BrokenVector/LowPolyRoadPack/Prefabs/Highway Straight 3.prefab
  artifactKey: Guid(27efc696dd4698a43a8c68ebcf493a87) Importer(2089858483,b0f066a214c2f5e87bad3c948f4d605d)
Start importing Assets/BrokenVector/LowPolyRoadPack/Prefabs/Highway Straight 3.prefab using Guid(27efc696dd4698a43a8c68ebcf493a87) Importer(2089858483,b0f066a214c2f5e87bad3c948f4d605d) (ScriptedImporter) -> (artifact id: '4e5f13d406d6eb0a47e95b1e2af99af7') in 0.0238807 seconds
Number of updated asset objects reloaded before import = 0Number of asset objects unloaded after import = 9

========================================================================
Received Import Request.
  Time since last request: 0.000040 seconds.
  path: Assets/BrokenVector/LowPolyRoadPack/Models/SingleLane Join SingleLane.dae
  artifactKey: Guid(d4b7f9095e4b9734cab4e187c97ba1a6) Importer(2089858483,b0f066a214c2f5e87bad3c948f4d605d)
Start importing Assets/BrokenVector/LowPolyRoadPack/Models/SingleLane Join SingleLane.dae using Guid(d4b7f9095e4b9734cab4e187c97ba1a6) Importer(2089858483,b0f066a214c2f5e87bad3c948f4d605d) (ScriptedImporter) -> (artifact id: '49857bffcf9a33710dee8a69e380ffcf') in 0.0199906 seconds
Number of updated asset objects reloaded before import = 0Number of asset objects unloaded after import = 8

========================================================================
Received Import Request.
  Time since last request: 0.000037 seconds.
  path: Assets/BrokenVector/LowPolyRoadPack/Models/Highway Join Road.dae
  artifactKey: Guid(0c21f7d1828800d44a5452b9bca476f4) Importer(2089858483,b0f066a214c2f5e87bad3c948f4d605d)
Start importing Assets/BrokenVector/LowPolyRoadPack/Models/Highway Join Road.dae using Guid(0c21f7d1828800d44a5452b9bca476f4) Importer(2089858483,b0f066a214c2f5e87bad3c948f4d605d) (ScriptedImporter) -> (artifact id: '01947be5de7801c1a1d40ddfbb320003') in 0.0230827 seconds
Number of updated asset objects reloaded before import = 0Number of asset objects unloaded after import = 8

========================================================================
Received Import Request.
  Time since last request: 0.000055 seconds.
  path: Assets/BrokenVector/LowPolyRoadPack/Models/Parkinglot Center 3.dae
  artifactKey: Guid(84f030ebdfeda2448bc8b294323ceeec) Importer(2089858483,b0f066a214c2f5e87bad3c948f4d605d)
Start importing Assets/BrokenVector/LowPolyRoadPack/Models/Parkinglot Center 3.dae using Guid(84f030ebdfeda2448bc8b294323ceeec) Importer(2089858483,b0f066a214c2f5e87bad3c948f4d605d) (ScriptedImporter) -> (artifact id: 'fc34e21411e392afa007f1d56ff79c6d') in 0.0198347 seconds
Number of updated asset objects reloaded before import = 0Number of asset objects unloaded after import = 8

========================================================================
Received Import Request.
  Time since last request: 0.000033 seconds.
  path: Assets/BrokenVector/LowPolyRoadPack/Models/SingleLane Straight 2.dae
  artifactKey: Guid(78a8961655872db4b843048acb88450a) Importer(2089858483,b0f066a214c2f5e87bad3c948f4d605d)
Start importing Assets/BrokenVector/LowPolyRoadPack/Models/SingleLane Straight 2.dae using Guid(78a8961655872db4b843048acb88450a) Importer(2089858483,b0f066a214c2f5e87bad3c948f4d605d) (ScriptedImporter) -> (artifact id: '3a662d0ba22c85323ed9a2057543d903') in 0.02409 seconds
Number of updated asset objects reloaded before import = 0Number of asset objects unloaded after import = 8

========================================================================
Received Import Request.
  Time since last request: 0.000055 seconds.
  path: Assets/BrokenVector/LowPolyRoadPack/Prefabs/Road S-Curve.prefab
  artifactKey: Guid(70accd32f42b80b40a1a83ef93f9b293) Importer(2089858483,b0f066a214c2f5e87bad3c948f4d605d)
Start importing Assets/BrokenVector/LowPolyRoadPack/Prefabs/Road S-Curve.prefab using Guid(70accd32f42b80b40a1a83ef93f9b293) Importer(2089858483,b0f066a214c2f5e87bad3c948f4d605d) (ScriptedImporter) -> (artifact id: 'a9b6e1e6efd53b00fc353363b5faf8fb') in 0.0217115 seconds
Number of updated asset objects reloaded before import = 0Number of asset objects unloaded after import = 9

========================================================================
Received Import Request.
  Time since last request: 0.000095 seconds.
  path: Assets/BrokenVector/LowPolyRoadPack/Prefabs/Parkinglot Corner 1.prefab
  artifactKey: Guid(66ec34d11111716468cb9de6c840b423) Importer(2089858483,b0f066a214c2f5e87bad3c948f4d605d)
Start importing Assets/BrokenVector/LowPolyRoadPack/Prefabs/Parkinglot Corner 1.prefab using Guid(66ec34d11111716468cb9de6c840b423) Importer(2089858483,b0f066a214c2f5e87bad3c948f4d605d) (ScriptedImporter) -> (artifact id: '27368c9dcf393cbf3783b826ba52ad67') in 0.0190231 seconds
Number of updated asset objects reloaded before import = 0Number of asset objects unloaded after import = 9

========================================================================
Received Import Request.
  Time since last request: 0.000036 seconds.
  path: Assets/BrokenVector/LowPolyRoadPack/Models/Road Straight 2.dae
  artifactKey: Guid(23337dac036abd34499f9f5131a19858) Importer(2089858483,b0f066a214c2f5e87bad3c948f4d605d)
Start importing Assets/BrokenVector/LowPolyRoadPack/Models/Road Straight 2.dae using Guid(23337dac036abd34499f9f5131a19858) Importer(2089858483,b0f066a214c2f5e87bad3c948f4d605d) (ScriptedImporter) -> (artifact id: 'de8d334ad6a7fd85e15d1265fac7f46c') in 0.0184367 seconds
Number of updated asset objects reloaded before import = 0Number of asset objects unloaded after import = 8

========================================================================
Received Import Request.
  Time since last request: 0.000095 seconds.
  path: Assets/BrokenVector/LowPolyRoadPack/Prefabs/Highway Cross Freeway.prefab
  artifactKey: Guid(d1e269106cb165145985fd4f36cd816f) Importer(2089858483,b0f066a214c2f5e87bad3c948f4d605d)
Start importing Assets/BrokenVector/LowPolyRoadPack/Prefabs/Highway Cross Freeway.prefab using Guid(d1e269106cb165145985fd4f36cd816f) Importer(2089858483,b0f066a214c2f5e87bad3c948f4d605d) (ScriptedImporter) -> (artifact id: '19b78676451179603d4cc9a2914a66db') in 0.0201262 seconds
Number of updated asset objects reloaded before import = 0Number of asset objects unloaded after import = 10

========================================================================
Received Import Request.
  Time since last request: 0.000039 seconds.
  path: Assets/BrokenVector/LowPolyRoadPack
  artifactKey: Guid(e7936b04baec8e74a8c44bdfaa78534f) Importer(2089858483,b0f066a214c2f5e87bad3c948f4d605d)
Start importing Assets/BrokenVector/LowPolyRoadPack using Guid(e7936b04baec8e74a8c44bdfaa78534f) Importer(2089858483,b0f066a214c2f5e87bad3c948f4d605d) (ScriptedImporter) -> (artifact id: 'c8a8c66dfec12ce174bb907903bba971') in 0.0126863 seconds
Number of updated asset objects reloaded before import = 0Number of asset objects unloaded after import = 1

========================================================================
Received Import Request.
  Time since last request: 0.000050 seconds.
  path: Assets/BrokenVector/LowPolyRoadPack/Prefabs/Highway Curve 1.prefab
  artifactKey: Guid(68199663c6e51f44bae66172807b8014) Importer(2089858483,b0f066a214c2f5e87bad3c948f4d605d)
Start importing Assets/BrokenVector/LowPolyRoadPack/Prefabs/Highway Curve 1.prefab using Guid(68199663c6e51f44bae66172807b8014) Importer(2089858483,b0f066a214c2f5e87bad3c948f4d605d) (ScriptedImporter) -> (artifact id: 'a7ab775c7a6ecfa5b42fd42f70dd35a4') in 0.0179929 seconds
Number of updated asset objects reloaded before import = 0Number of asset objects unloaded after import = 10

========================================================================
Received Import Request.
  Time since last request: 0.000062 seconds.
  path: Assets/BrokenVector/LowPolyRoadPack/Prefabs/SingleLane Straight 1.prefab
  artifactKey: Guid(9b0c19ad39b17024baf069bf79a4f7c5) Importer(2089858483,b0f066a214c2f5e87bad3c948f4d605d)
Start importing Assets/BrokenVector/LowPolyRoadPack/Prefabs/SingleLane Straight 1.prefab using Guid(9b0c19ad39b17024baf069bf79a4f7c5) Importer(2089858483,b0f066a214c2f5e87bad3c948f4d605d) (ScriptedImporter) -> (artifact id: '218340521c197e38d2507419f00f1410') in 0.0195764 seconds
Number of updated asset objects reloaded before import = 0Number of asset objects unloaded after import = 9

========================================================================
Received Import Request.
  Time since last request: 0.000039 seconds.
  path: Assets/BrokenVector/LowPolyRoadPack/Models/Highway Straight 3.dae
  artifactKey: Guid(236b6964c04aad0409d80ab50c92d8d3) Importer(2089858483,b0f066a214c2f5e87bad3c948f4d605d)
Start importing Assets/BrokenVector/LowPolyRoadPack/Models/Highway Straight 3.dae using Guid(236b6964c04aad0409d80ab50c92d8d3) Importer(2089858483,b0f066a214c2f5e87bad3c948f4d605d) (ScriptedImporter) -> (artifact id: '450adb682a7ee529862aa6840377bcac') in 0.0194958 seconds
Number of updated asset objects reloaded before import = 0Number of asset objects unloaded after import = 8

========================================================================
Received Import Request.
  Time since last request: 0.000031 seconds.
  path: Assets/BrokenVector/LowPolyRoadPack/Models/Highway Curve 2.dae
  artifactKey: Guid(c8674672f487bf348a47866ff0632e94) Importer(2089858483,b0f066a214c2f5e87bad3c948f4d605d)
Start importing Assets/BrokenVector/LowPolyRoadPack/Models/Highway Curve 2.dae using Guid(c8674672f487bf348a47866ff0632e94) Importer(2089858483,b0f066a214c2f5e87bad3c948f4d605d) (ScriptedImporter) -> (artifact id: '5126929b0b32ee468c185a2b045a2474') in 0.0200285 seconds
Number of updated asset objects reloaded before import = 0Number of asset objects unloaded after import = 8

========================================================================
Received Import Request.
  Time since last request: 0.000048 seconds.
  path: Assets/BrokenVector/LowPolyRoadPack/Models/Parkinglot Corner 3.dae
  artifactKey: Guid(1adf648894424ae47bca5445562efba8) Importer(2089858483,b0f066a214c2f5e87bad3c948f4d605d)
Start importing Assets/BrokenVector/LowPolyRoadPack/Models/Parkinglot Corner 3.dae using Guid(1adf648894424ae47bca5445562efba8) Importer(2089858483,b0f066a214c2f5e87bad3c948f4d605d) (ScriptedImporter) -> (artifact id: '55ed5b2b11baa29dcdd10dd3c565e2d9') in 0.0180104 seconds
Number of updated asset objects reloaded before import = 0Number of asset objects unloaded after import = 8

========================================================================
Received Import Request.
  Time since last request: 0.000031 seconds.
  path: Assets/BrokenVector/LowPolyRoadPack/Models/Freeway Join Road.dae
  artifactKey: Guid(5548c48b8a63235488a0afe4b462749d) Importer(2089858483,b0f066a214c2f5e87bad3c948f4d605d)
Start importing Assets/BrokenVector/LowPolyRoadPack/Models/Freeway Join Road.dae using Guid(5548c48b8a63235488a0afe4b462749d) Importer(2089858483,b0f066a214c2f5e87bad3c948f4d605d) (ScriptedImporter) -> (artifact id: '3f61485fb1ffe37146586b41b119bdcb') in 0.0247301 seconds
Number of updated asset objects reloaded before import = 0Number of asset objects unloaded after import = 8

========================================================================
Received Import Request.
  Time since last request: 0.000237 seconds.
  path: Assets/BrokenVector/LowPolyRoadPack/Prefabs/Highway S-Curve.prefab
  artifactKey: Guid(c551be7c89271e44c8a795eff4869f62) Importer(2089858483,b0f066a214c2f5e87bad3c948f4d605d)
Start importing Assets/BrokenVector/LowPolyRoadPack/Prefabs/Highway S-Curve.prefab using Guid(c551be7c89271e44c8a795eff4869f62) Importer(2089858483,b0f066a214c2f5e87bad3c948f4d605d) (ScriptedImporter) -> (artifact id: '2e4ece00bf5c24b2cf247ab975a66852') in 0.0176482 seconds
Number of updated asset objects reloaded before import = 0Number of asset objects unloaded after import = 10

========================================================================
Received Import Request.
  Time since last request: 0.000044 seconds.
  path: Assets/BrokenVector/LowPolyRoadPack/Prefabs/Freeway Join Road.prefab
  artifactKey: Guid(b74054c7819af8a458ae5a11853280ac) Importer(2089858483,b0f066a214c2f5e87bad3c948f4d605d)
Start importing Assets/BrokenVector/LowPolyRoadPack/Prefabs/Freeway Join Road.prefab using Guid(b74054c7819af8a458ae5a11853280ac) Importer(2089858483,b0f066a214c2f5e87bad3c948f4d605d) (ScriptedImporter) -> (artifact id: '0130a8e78694150b8b87cf4c85973a8b') in 0.0185985 seconds
Number of updated asset objects reloaded before import = 0Number of asset objects unloaded after import = 10

========================================================================
Received Import Request.
  Time since last request: 0.000051 seconds.
  path: Assets/BrokenVector/LowPolyRoadPack/Demo/Landscape/Houses.010.dae
  artifactKey: Guid(960597deba6aae644952d370b3c462a6) Importer(2089858483,b0f066a214c2f5e87bad3c948f4d605d)
Start importing Assets/BrokenVector/LowPolyRoadPack/Demo/Landscape/Houses.010.dae using Guid(960597deba6aae644952d370b3c462a6) Importer(2089858483,b0f066a214c2f5e87bad3c948f4d605d) (ScriptedImporter) -> (artifact id: '380d40e6f99aaadd2c2a7645227e59e5') in 0.0179901 seconds
Number of updated asset objects reloaded before import = 0Number of asset objects unloaded after import = 9

========================================================================
Received Import Request.
  Time since last request: 0.000034 seconds.
  path: Assets/BrokenVector/LowPolyRoadPack/Textures/Car Colorscheme 2.png
  artifactKey: Guid(1eaa27659b24fe447ace162f9058044a) Importer(2089858483,b0f066a214c2f5e87bad3c948f4d605d)
Start importing Assets/BrokenVector/LowPolyRoadPack/Textures/Car Colorscheme 2.png using Guid(1eaa27659b24fe447ace162f9058044a) Importer(2089858483,b0f066a214c2f5e87bad3c948f4d605d) (ScriptedImporter) -> (artifact id: '7028ff18791c169aadd312142680183d') in 0.0163399 seconds
Number of updated asset objects reloaded before import = 0Number of asset objects unloaded after import = 1

========================================================================
Received Import Request.
  Time since last request: 0.000046 seconds.
  path: Assets/BrokenVector/LowPolyRoadPack/Models/Highway Curve 1.dae
  artifactKey: Guid(861ccec3a0efad5458d9082800f92467) Importer(2089858483,b0f066a214c2f5e87bad3c948f4d605d)
Start importing Assets/BrokenVector/LowPolyRoadPack/Models/Highway Curve 1.dae using Guid(861ccec3a0efad5458d9082800f92467) Importer(2089858483,b0f066a214c2f5e87bad3c948f4d605d) (ScriptedImporter) -> (artifact id: '5281aac0c7601ca15651808d291a1ca7') in 0.0206646 seconds
Number of updated asset objects reloaded before import = 0Number of asset objects unloaded after import = 8

========================================================================
Received Import Request.
  Time since last request: 0.000048 seconds.
  path: Assets/BrokenVector/LowPolyRoadPack/Models/Road Looping.dae
  artifactKey: Guid(3489a6b45e153324991c8f803c6e0bb3) Importer(2089858483,b0f066a214c2f5e87bad3c948f4d605d)
Start importing Assets/BrokenVector/LowPolyRoadPack/Models/Road Looping.dae using Guid(3489a6b45e153324991c8f803c6e0bb3) Importer(2089858483,b0f066a214c2f5e87bad3c948f4d605d) (ScriptedImporter) -> (artifact id: '608f0fb6dee8310d70f3415e1b064b18') in 0.0179733 seconds
Number of updated asset objects reloaded before import = 0Number of asset objects unloaded after import = 8

========================================================================
Received Import Request.
  Time since last request: 0.000028 seconds.
  path: Assets/BrokenVector/LowPolyRoadPack/Prefabs/Highway Straight 1.prefab
  artifactKey: Guid(b5baae8b9b6343c4484a2886ccff5179) Importer(2089858483,b0f066a214c2f5e87bad3c948f4d605d)
Start importing Assets/BrokenVector/LowPolyRoadPack/Prefabs/Highway Straight 1.prefab using Guid(b5baae8b9b6343c4484a2886ccff5179) Importer(2089858483,b0f066a214c2f5e87bad3c948f4d605d) (ScriptedImporter) -> (artifact id: '2f8fea8724d5dc8583716e10e367f92b') in 0.0155824 seconds
Number of updated asset objects reloaded before import = 0Number of asset objects unloaded after import = 9

========================================================================
Received Import Request.
  Time since last request: 0.000061 seconds.
  path: Assets/BrokenVector/LowPolyRoadPack/Models/Highway Join Highway 2.dae
  artifactKey: Guid(df7aef7b3f5b34f438e1f16d9f25c832) Importer(2089858483,b0f066a214c2f5e87bad3c948f4d605d)
Start importing Assets/BrokenVector/LowPolyRoadPack/Models/Highway Join Highway 2.dae using Guid(df7aef7b3f5b34f438e1f16d9f25c832) Importer(2089858483,b0f066a214c2f5e87bad3c948f4d605d) (ScriptedImporter) -> (artifact id: 'fd0e6dddf43ed87364e3753002139f4c') in 0.0201055 seconds
Number of updated asset objects reloaded before import = 0Number of asset objects unloaded after import = 8

========================================================================
Received Import Request.
  Time since last request: 0.000036 seconds.
  path: Assets/BrokenVector/LowPolyRoadPack/Demo/Landscape/Houses.002.dae
  artifactKey: Guid(e9374469e886d8649b6b92c468834057) Importer(2089858483,b0f066a214c2f5e87bad3c948f4d605d)
Start importing Assets/BrokenVector/LowPolyRoadPack/Demo/Landscape/Houses.002.dae using Guid(e9374469e886d8649b6b92c468834057) Importer(2089858483,b0f066a214c2f5e87bad3c948f4d605d) (ScriptedImporter) -> (artifact id: '9a909379cef34cc135ae0e0deb29a00f') in 0.0273224 seconds
Number of updated asset objects reloaded before import = 0Number of asset objects unloaded after import = 9

========================================================================
Received Import Request.
  Time since last request: 0.000048 seconds.
  path: Assets/BrokenVector/LowPolyRoadPack/Demo/Textures/Colorscheme World.png
  artifactKey: Guid(c975dc85e64790c40b2561cb2c3ba471) Importer(2089858483,b0f066a214c2f5e87bad3c948f4d605d)
Start importing Assets/BrokenVector/LowPolyRoadPack/Demo/Textures/Colorscheme World.png using Guid(c975dc85e64790c40b2561cb2c3ba471) Importer(2089858483,b0f066a214c2f5e87bad3c948f4d605d) (ScriptedImporter) -> (artifact id: 'bd0a759be0b3c26c5e55527af1debb11') in 0.0234317 seconds
Number of updated asset objects reloaded before import = 0Number of asset objects unloaded after import = 1

========================================================================
Received Import Request.
  Time since last request: 0.000038 seconds.
  path: Assets/BrokenVector/LowPolyRoadPack/Prefabs/Freeway Curve 2.prefab
  artifactKey: Guid(d2b4c92a59cf1a441bf008ca26395efa) Importer(2089858483,b0f066a214c2f5e87bad3c948f4d605d)
Start importing Assets/BrokenVector/LowPolyRoadPack/Prefabs/Freeway Curve 2.prefab using Guid(d2b4c92a59cf1a441bf008ca26395efa) Importer(2089858483,b0f066a214c2f5e87bad3c948f4d605d) (ScriptedImporter) -> (artifact id: '116173d5c2b1f73d45208a2c9a2839b2') in 0.0221224 seconds
Number of updated asset objects reloaded before import = 0Number of asset objects unloaded after import = 10

========================================================================
Received Import Request.
  Time since last request: 0.000043 seconds.
  path: Assets/BrokenVector/LowPolyRoadPack/Models/Parkinglot Center 1.dae
  artifactKey: Guid(ea3f0b0f36c78ca4282e2e49f378cef1) Importer(2089858483,b0f066a214c2f5e87bad3c948f4d605d)
Start importing Assets/BrokenVector/LowPolyRoadPack/Models/Parkinglot Center 1.dae using Guid(ea3f0b0f36c78ca4282e2e49f378cef1) Importer(2089858483,b0f066a214c2f5e87bad3c948f4d605d) (ScriptedImporter) -> (artifact id: '136631d409b381c8aae40cbe3a30b9ac') in 0.022772 seconds
Number of updated asset objects reloaded before import = 0Number of asset objects unloaded after import = 8

========================================================================
Received Import Request.
  Time since last request: 0.000037 seconds.
  path: Assets/BrokenVector/LowPolyRoadPack/Prefabs/SingleLane Cross SingleLane.prefab
  artifactKey: Guid(4ad77816d1959bd49a799a1fdeb67987) Importer(2089858483,b0f066a214c2f5e87bad3c948f4d605d)
Start importing Assets/BrokenVector/LowPolyRoadPack/Prefabs/SingleLane Cross SingleLane.prefab using Guid(4ad77816d1959bd49a799a1fdeb67987) Importer(2089858483,b0f066a214c2f5e87bad3c948f4d605d) (ScriptedImporter) -> (artifact id: 'f9c6dad7210e5bf7a3bb6bfd5a335353') in 0.01626 seconds
Number of updated asset objects reloaded before import = 0Number of asset objects unloaded after import = 9

========================================================================
Received Import Request.
  Time since last request: 0.000038 seconds.
  path: Assets/BrokenVector/LowPolyRoadPack/Models/Parkinglot Edge 3.dae
  artifactKey: Guid(6b8e147014e34144f90043861e0abe99) Importer(2089858483,b0f066a214c2f5e87bad3c948f4d605d)
Start importing Assets/BrokenVector/LowPolyRoadPack/Models/Parkinglot Edge 3.dae using Guid(6b8e147014e34144f90043861e0abe99) Importer(2089858483,b0f066a214c2f5e87bad3c948f4d605d) (ScriptedImporter) -> (artifact id: 'c1144dae42af1f6e6abddb6789a2d27a') in 0.0226838 seconds
Number of updated asset objects reloaded before import = 0Number of asset objects unloaded after import = 8

========================================================================
Received Import Request.
  Time since last request: 0.000043 seconds.
  path: Assets/BrokenVector/LowPolyRoadPack/Models/Highway Cross Highway.dae
  artifactKey: Guid(9737ab9f3cf9c0b4d87af4f5b0108b28) Importer(2089858483,b0f066a214c2f5e87bad3c948f4d605d)
Start importing Assets/BrokenVector/LowPolyRoadPack/Models/Highway Cross Highway.dae using Guid(9737ab9f3cf9c0b4d87af4f5b0108b28) Importer(2089858483,b0f066a214c2f5e87bad3c948f4d605d) (ScriptedImporter) -> (artifact id: 'f7a493917375c234812133e851a3fe3f') in 0.0216077 seconds
Number of updated asset objects reloaded before import = 0Number of asset objects unloaded after import = 8

========================================================================
Received Import Request.
  Time since last request: 0.000028 seconds.
  path: Assets/BrokenVector/LowPolyRoadPack/Prefabs/Road Cross Road.prefab
  artifactKey: Guid(93bec4dd0427e844db426ee1317979ff) Importer(2089858483,b0f066a214c2f5e87bad3c948f4d605d)
Start importing Assets/BrokenVector/LowPolyRoadPack/Prefabs/Road Cross Road.prefab using Guid(93bec4dd0427e844db426ee1317979ff) Importer(2089858483,b0f066a214c2f5e87bad3c948f4d605d) (ScriptedImporter) -> (artifact id: '74cf32c9abb4fad1c554ca8b534ccb77') in 0.017442 seconds
Number of updated asset objects reloaded before import = 0Number of asset objects unloaded after import = 9

========================================================================
Received Import Request.
  Time since last request: 0.000045 seconds.
  path: Assets/BrokenVector/LowPolyRoadPack/Prefabs/Road Join SIngleLane.prefab
  artifactKey: Guid(8820d45b6122a1a44b6d1a75e97a5127) Importer(2089858483,b0f066a214c2f5e87bad3c948f4d605d)
Start importing Assets/BrokenVector/LowPolyRoadPack/Prefabs/Road Join SIngleLane.prefab using Guid(8820d45b6122a1a44b6d1a75e97a5127) Importer(2089858483,b0f066a214c2f5e87bad3c948f4d605d) (ScriptedImporter) -> (artifact id: '7e8254ab173a680d6da4cb861c2789e4') in 0.0156957 seconds
Number of updated asset objects reloaded before import = 0Number of asset objects unloaded after import = 9

========================================================================
Received Import Request.
  Time since last request: 0.000046 seconds.
  path: Assets/BrokenVector/LowPolyRoadPack/Prefabs/Tunnel Straight 1.prefab
  artifactKey: Guid(e5fe1e0ae98e92240a79ae5a288119ad) Importer(2089858483,b0f066a214c2f5e87bad3c948f4d605d)
Start importing Assets/BrokenVector/LowPolyRoadPack/Prefabs/Tunnel Straight 1.prefab using Guid(e5fe1e0ae98e92240a79ae5a288119ad) Importer(2089858483,b0f066a214c2f5e87bad3c948f4d605d) (ScriptedImporter) -> (artifact id: '66b26142acad183fb2f49d9d79264117') in 0.0272154 seconds
Number of updated asset objects reloaded before import = 0Number of asset objects unloaded after import = 9

========================================================================
Received Import Request.
  Time since last request: 0.000102 seconds.
  path: Assets/BrokenVector/LowPolyRoadPack/Demo/Landscape
  artifactKey: Guid(60c4ffeb0e9aa324d9000a9f8249864f) Importer(2089858483,b0f066a214c2f5e87bad3c948f4d605d)
Start importing Assets/BrokenVector/LowPolyRoadPack/Demo/Landscape using Guid(60c4ffeb0e9aa324d9000a9f8249864f) Importer(2089858483,b0f066a214c2f5e87bad3c948f4d605d) (ScriptedImporter) -> (artifact id: 'ad52fd230648b8c73c32eed2cd30a498') in 0.0169021 seconds
Number of updated asset objects reloaded before import = 0Number of asset objects unloaded after import = 1

========================================================================
Received Import Request.
  Time since last request: 0.000049 seconds.
  path: Assets/BrokenVector/LowPolyRoadPack/Prefabs/Parkinglot Center 3.prefab
  artifactKey: Guid(baf7bb04094c1fe4d994d728999eae1b) Importer(2089858483,b0f066a214c2f5e87bad3c948f4d605d)
Start importing Assets/BrokenVector/LowPolyRoadPack/Prefabs/Parkinglot Center 3.prefab using Guid(baf7bb04094c1fe4d994d728999eae1b) Importer(2089858483,b0f066a214c2f5e87bad3c948f4d605d) (ScriptedImporter) -> (artifact id: '8deb3052e779cdfdaa519adc682e31ab') in 0.0249318 seconds
Number of updated asset objects reloaded before import = 0Number of asset objects unloaded after import = 9

========================================================================
Received Import Request.
  Time since last request: 263.386264 seconds.
  path: Assets/BrokenVector/LowPolyRoadPack/Materials/Car Colorscheme 2.mat
  artifactKey: Guid(1968bf9d74d362c408b28c15132baaaa) Importer(815301076,1909f56bfc062723c751e8b465ee728b)
Start importing Assets/BrokenVector/LowPolyRoadPack/Materials/Car Colorscheme 2.mat using Guid(1968bf9d74d362c408b28c15132baaaa) Importer(815301076,1909f56bfc062723c751e8b465ee728b) (PreviewImporter) -> (artifact id: 'a98510d3158b67d459d85ee20b99c434') in 0.0398136 seconds
Number of updated asset objects reloaded before import = 0Number of asset objects unloaded after import = 2

========================================================================
Received Import Request.
  Time since last request: 0.000037 seconds.
  path: Assets/BrokenVector/LowPolyRoadPack/Materials/Road.mat
  artifactKey: Guid(9cbdac3088fceec40bde6d0619e2ebda) Importer(815301076,1909f56bfc062723c751e8b465ee728b)
Start importing Assets/BrokenVector/LowPolyRoadPack/Materials/Road.mat using Guid(9cbdac3088fceec40bde6d0619e2ebda) Importer(815301076,1909f56bfc062723c751e8b465ee728b) (PreviewImporter) -> (artifact id: '64b7d1b0a2546f544bb183ef3a4ebc2d') in 0.0135634 seconds
Number of updated asset objects reloaded before import = 0Number of asset objects unloaded after import = 2

========================================================================
Received Import Request.
  Time since last request: 0.000027 seconds.
  path: Assets/BrokenVector/LowPolyRoadPack/Materials/Light.mat
  artifactKey: Guid(b73916d937ddb5b428608e0d5072412b) Importer(815301076,1909f56bfc062723c751e8b465ee728b)
Start importing Assets/BrokenVector/LowPolyRoadPack/Materials/Light.mat using Guid(b73916d937ddb5b428608e0d5072412b) Importer(815301076,1909f56bfc062723c751e8b465ee728b) (PreviewImporter) -> (artifact id: '84286454cecb60860411a7fd2bee55ae') in 0.0113222 seconds
Number of updated asset objects reloaded before import = 0Number of asset objects unloaded after import = 2

========================================================================
Received Import Request.
  Time since last request: 7.788499 seconds.
  path: Assets/BrokenVector/Materials/Road.mat
  artifactKey: Guid(9cbdac3088fceec40bde6d0619e2ebda) Importer(2089858483,b0f066a214c2f5e87bad3c948f4d605d)
Start importing Assets/BrokenVector/Materials/Road.mat using Guid(9cbdac3088fceec40bde6d0619e2ebda) Importer(2089858483,b0f066a214c2f5e87bad3c948f4d605d) (ScriptedImporter) -> (artifact id: '7e58b28528fcbc7314708fdf5532649d') in 0.0150022 seconds
Number of updated asset objects reloaded before import = 0Number of asset objects unloaded after import = 2

========================================================================
Received Import Request.
  Time since last request: 0.000033 seconds.
  path: Assets/BrokenVector/Materials/Car Colorscheme 1.mat
  artifactKey: Guid(3889c423b8feed645aeba90d0e940408) Importer(2089858483,b0f066a214c2f5e87bad3c948f4d605d)
Start importing Assets/BrokenVector/Materials/Car Colorscheme 1.mat using Guid(3889c423b8feed645aeba90d0e940408) Importer(2089858483,b0f066a214c2f5e87bad3c948f4d605d) (ScriptedImporter) -> (artifact id: 'dbe7bf68f0d78171e9128761ad434d97') in 0.0120281 seconds
Number of updated asset objects reloaded before import = 0Number of asset objects unloaded after import = 2

========================================================================
Received Import Request.
  Time since last request: 6.034714 seconds.
  path: Assets/BrokenVector/LowPolyRoadPack/Models/Car 2.dae
  artifactKey: Guid(77034832b22fef34387efcaeb7127eaa) Importer(815301076,1909f56bfc062723c751e8b465ee728b)
Start importing Assets/BrokenVector/LowPolyRoadPack/Models/Car 2.dae using Guid(77034832b22fef34387efcaeb7127eaa) Importer(815301076,1909f56bfc062723c751e8b465ee728b) (PreviewImporter) -> (artifact id: 'fabd4e4f6cd630cd9822e8df4d1f06db') in 0.3320585 seconds
Number of updated asset objects reloaded before import = 0Number of asset objects unloaded after import = 34

========================================================================
Received Import Request.
  Time since last request: 0.000053 seconds.
  path: Assets/BrokenVector/LowPolyRoadPack/Models/Parkinglot Corner 1.dae
  artifactKey: Guid(73b78b99c269f4e4982b125270a38b14) Importer(815301076,1909f56bfc062723c751e8b465ee728b)
Start importing Assets/BrokenVector/LowPolyRoadPack/Models/Parkinglot Corner 1.dae using Guid(73b78b99c269f4e4982b125270a38b14) Importer(815301076,1909f56bfc062723c751e8b465ee728b) (PreviewImporter) -> (artifact id: 'daab6bb758f4cf04d6a18b2438268176') in 0.0363953 seconds
Number of updated asset objects reloaded before import = 0Number of asset objects unloaded after import = 8

========================================================================
Received Import Request.
  Time since last request: 0.000074 seconds.
  path: Assets/BrokenVector/LowPolyRoadPack/Models/Parkinglot Entrance.dae
  artifactKey: Guid(c123f92dda3cc22459ede19497c88734) Importer(815301076,1909f56bfc062723c751e8b465ee728b)
Start importing Assets/BrokenVector/LowPolyRoadPack/Models/Parkinglot Entrance.dae using Guid(c123f92dda3cc22459ede19497c88734) Importer(815301076,1909f56bfc062723c751e8b465ee728b) (PreviewImporter) -> (artifact id: '842c0cc3e0a0c81f7ea425499242a397') in 0.0223405 seconds
Number of updated asset objects reloaded before import = 0Number of asset objects unloaded after import = 8

========================================================================
Received Import Request.
  Time since last request: 0.000053 seconds.
  path: Assets/BrokenVector/LowPolyRoadPack/Models/Highway Straight 3.dae
  artifactKey: Guid(236b6964c04aad0409d80ab50c92d8d3) Importer(815301076,1909f56bfc062723c751e8b465ee728b)
Start importing Assets/BrokenVector/LowPolyRoadPack/Models/Highway Straight 3.dae using Guid(236b6964c04aad0409d80ab50c92d8d3) Importer(815301076,1909f56bfc062723c751e8b465ee728b) (PreviewImporter) -> (artifact id: '7e21f65862fab7e0723373f6f8168a0b') in 0.0211813 seconds
Number of updated asset objects reloaded before import = 0Number of asset objects unloaded after import = 8

========================================================================
Received Import Request.
  Time since last request: 0.000028 seconds.
  path: Assets/BrokenVector/LowPolyRoadPack/Models/Highway Straight 1.dae
  artifactKey: Guid(ef63e826ce0e5e94fa9002fc1c038b66) Importer(815301076,1909f56bfc062723c751e8b465ee728b)
Start importing Assets/BrokenVector/LowPolyRoadPack/Models/Highway Straight 1.dae using Guid(ef63e826ce0e5e94fa9002fc1c038b66) Importer(815301076,1909f56bfc062723c751e8b465ee728b) (PreviewImporter) -> (artifact id: 'f501f292f4e84d9411caaae1e4635751') in 0.0226291 seconds
Number of updated asset objects reloaded before import = 0Number of asset objects unloaded after import = 8

========================================================================
Received Import Request.
  Time since last request: 0.000045 seconds.
  path: Assets/BrokenVector/LowPolyRoadPack/Models/Highway Straight 4.dae
  artifactKey: Guid(6390c4a61a53b5446adaed9ccacea90d) Importer(815301076,1909f56bfc062723c751e8b465ee728b)
Start importing Assets/BrokenVector/LowPolyRoadPack/Models/Highway Straight 4.dae using Guid(6390c4a61a53b5446adaed9ccacea90d) Importer(815301076,1909f56bfc062723c751e8b465ee728b) (PreviewImporter) -> (artifact id: '7125317523f9c07ea03245099bc5c56b') in 0.028599 seconds
Number of updated asset objects reloaded before import = 0Number of asset objects unloaded after import = 8

========================================================================
Received Import Request.
  Time since last request: 0.000035 seconds.
  path: Assets/BrokenVector/LowPolyRoadPack/Models/Parkinglot Corner 2.dae
  artifactKey: Guid(e7dfa1315d7d3164fb4e39956f2357ee) Importer(815301076,1909f56bfc062723c751e8b465ee728b)
Start importing Assets/BrokenVector/LowPolyRoadPack/Models/Parkinglot Corner 2.dae using Guid(e7dfa1315d7d3164fb4e39956f2357ee) Importer(815301076,1909f56bfc062723c751e8b465ee728b) (PreviewImporter) -> (artifact id: '7e3bb2290e52195d5f3e650e5dd7587d') in 0.0269602 seconds
Number of updated asset objects reloaded before import = 0Number of asset objects unloaded after import = 8

========================================================================
Received Import Request.
  Time since last request: 0.000051 seconds.
  path: Assets/BrokenVector/LowPolyRoadPack/Models/Parkinglot Center 1.dae
  artifactKey: Guid(ea3f0b0f36c78ca4282e2e49f378cef1) Importer(815301076,1909f56bfc062723c751e8b465ee728b)
Start importing Assets/BrokenVector/LowPolyRoadPack/Models/Parkinglot Center 1.dae using Guid(ea3f0b0f36c78ca4282e2e49f378cef1) Importer(815301076,1909f56bfc062723c751e8b465ee728b) (PreviewImporter) -> (artifact id: '2f5fc344f8acd2a3477a0ab69054f29f') in 0.0219194 seconds
Number of updated asset objects reloaded before import = 0Number of asset objects unloaded after import = 8

========================================================================
Received Import Request.
  Time since last request: 0.000041 seconds.
  path: Assets/BrokenVector/LowPolyRoadPack/Models/Freeway Curve 1.dae
  artifactKey: Guid(aebfc22149f8d2a45a601caf54845bba) Importer(815301076,1909f56bfc062723c751e8b465ee728b)
Start importing Assets/BrokenVector/LowPolyRoadPack/Models/Freeway Curve 1.dae using Guid(aebfc22149f8d2a45a601caf54845bba) Importer(815301076,1909f56bfc062723c751e8b465ee728b) (PreviewImporter) -> (artifact id: '806319a5120ad0aef1c66fa2f5b5d486') in 0.0219064 seconds
Number of updated asset objects reloaded before import = 0Number of asset objects unloaded after import = 8

========================================================================
Received Import Request.
  Time since last request: 0.000031 seconds.
  path: Assets/BrokenVector/LowPolyRoadPack/Models/Parkinglot Edge 3.dae
  artifactKey: Guid(6b8e147014e34144f90043861e0abe99) Importer(815301076,1909f56bfc062723c751e8b465ee728b)
Start importing Assets/BrokenVector/LowPolyRoadPack/Models/Parkinglot Edge 3.dae using Guid(6b8e147014e34144f90043861e0abe99) Importer(815301076,1909f56bfc062723c751e8b465ee728b) (PreviewImporter) -> (artifact id: '79b908680cc2b2744fc65e5e2a4f9969') in 0.0246188 seconds
Number of updated asset objects reloaded before import = 0Number of asset objects unloaded after import = 8

========================================================================
Received Import Request.
  Time since last request: 0.000044 seconds.
  path: Assets/BrokenVector/LowPolyRoadPack/Models/Highway Curve 2.dae
  artifactKey: Guid(c8674672f487bf348a47866ff0632e94) Importer(815301076,1909f56bfc062723c751e8b465ee728b)
Start importing Assets/BrokenVector/LowPolyRoadPack/Models/Highway Curve 2.dae using Guid(c8674672f487bf348a47866ff0632e94) Importer(815301076,1909f56bfc062723c751e8b465ee728b) (PreviewImporter) -> (artifact id: 'b5ebb02141806165c5de212709ee296e') in 0.0227096 seconds
Number of updated asset objects reloaded before import = 0Number of asset objects unloaded after import = 8

========================================================================
Received Import Request.
  Time since last request: 0.000053 seconds.
  path: Assets/BrokenVector/LowPolyRoadPack/Models/Freeway Join Freeway 2.dae
  artifactKey: Guid(333adb85cff2d42459cd00449998046f) Importer(815301076,1909f56bfc062723c751e8b465ee728b)
Start importing Assets/BrokenVector/LowPolyRoadPack/Models/Freeway Join Freeway 2.dae using Guid(333adb85cff2d42459cd00449998046f) Importer(815301076,1909f56bfc062723c751e8b465ee728b) (PreviewImporter) -> (artifact id: 'dd83b447e8628af3b9510be42ad76a5b') in 0.0234536 seconds
Number of updated asset objects reloaded before import = 0Number of asset objects unloaded after import = 8

========================================================================
Received Import Request.
  Time since last request: 0.000057 seconds.
  path: Assets/BrokenVector/LowPolyRoadPack/Models/Highway Straight 2.dae
  artifactKey: Guid(da1a0020a373025418e1119879ed8146) Importer(815301076,1909f56bfc062723c751e8b465ee728b)
Start importing Assets/BrokenVector/LowPolyRoadPack/Models/Highway Straight 2.dae using Guid(da1a0020a373025418e1119879ed8146) Importer(815301076,1909f56bfc062723c751e8b465ee728b) (PreviewImporter) -> (artifact id: '2d71fb0124edd034799b8ac11833e17f') in 0.0195829 seconds
Number of updated asset objects reloaded before import = 0Number of asset objects unloaded after import = 8

========================================================================
Received Import Request.
  Time since last request: 0.000034 seconds.
  path: Assets/BrokenVector/LowPolyRoadPack/Models/Parkinglot Edge 4.dae
  artifactKey: Guid(de7d72739316cac4eae2ef92efa78c8d) Importer(815301076,1909f56bfc062723c751e8b465ee728b)
Start importing Assets/BrokenVector/LowPolyRoadPack/Models/Parkinglot Edge 4.dae using Guid(de7d72739316cac4eae2ef92efa78c8d) Importer(815301076,1909f56bfc062723c751e8b465ee728b) (PreviewImporter) -> (artifact id: 'd82f635cb936a82ae92bf6d2a322d9f9') in 0.0205633 seconds
Number of updated asset objects reloaded before import = 0Number of asset objects unloaded after import = 8

========================================================================
Received Import Request.
  Time since last request: 0.000031 seconds.
  path: Assets/BrokenVector/LowPolyRoadPack/Models/Highway Bridge 1.dae
  artifactKey: Guid(de9f00a88308eb741b7da04ed6699c0b) Importer(815301076,1909f56bfc062723c751e8b465ee728b)
Start importing Assets/BrokenVector/LowPolyRoadPack/Models/Highway Bridge 1.dae using Guid(de9f00a88308eb741b7da04ed6699c0b) Importer(815301076,1909f56bfc062723c751e8b465ee728b) (PreviewImporter) -> (artifact id: '80730e3f1000c87582039b64f7850c60') in 0.0236815 seconds
Number of updated asset objects reloaded before import = 0Number of asset objects unloaded after import = 8

========================================================================
Received Import Request.
  Time since last request: 0.000038 seconds.
  path: Assets/BrokenVector/LowPolyRoadPack/Models/Road Join Road.dae
  artifactKey: Guid(1869066258e66524dabd0031005b03ff) Importer(815301076,1909f56bfc062723c751e8b465ee728b)
Start importing Assets/BrokenVector/LowPolyRoadPack/Models/Road Join Road.dae using Guid(1869066258e66524dabd0031005b03ff) Importer(815301076,1909f56bfc062723c751e8b465ee728b) (PreviewImporter) -> (artifact id: '1f98be25f33d6da68ca82757aac95dec') in 0.0183853 seconds
Number of updated asset objects reloaded before import = 0Number of asset objects unloaded after import = 8

========================================================================
Received Import Request.
  Time since last request: 0.000032 seconds.
  path: Assets/BrokenVector/LowPolyRoadPack/Models/Highway Bridge 2.dae
  artifactKey: Guid(306a3142baf3c0f48acf183ab9a53a05) Importer(815301076,1909f56bfc062723c751e8b465ee728b)
Start importing Assets/BrokenVector/LowPolyRoadPack/Models/Highway Bridge 2.dae using Guid(306a3142baf3c0f48acf183ab9a53a05) Importer(815301076,1909f56bfc062723c751e8b465ee728b) (PreviewImporter) -> (artifact id: '69879b4ed5028752a0bacb4e6fec3fca') in 0.0218503 seconds
Number of updated asset objects reloaded before import = 0Number of asset objects unloaded after import = 8

========================================================================
Received Import Request.
  Time since last request: 0.000029 seconds.
  path: Assets/BrokenVector/LowPolyRoadPack/Models/Freeway Join Freeway 1.dae
  artifactKey: Guid(18532e9f65bee84488936fca5f9fe8c9) Importer(815301076,1909f56bfc062723c751e8b465ee728b)
Start importing Assets/BrokenVector/LowPolyRoadPack/Models/Freeway Join Freeway 1.dae using Guid(18532e9f65bee84488936fca5f9fe8c9) Importer(815301076,1909f56bfc062723c751e8b465ee728b) (PreviewImporter) -> (artifact id: '39b2f28583f704b2a0671ec2cfc99349') in 0.0191122 seconds
Number of updated asset objects reloaded before import = 0Number of asset objects unloaded after import = 8

========================================================================
Received Import Request.
  Time since last request: 0.000040 seconds.
  path: Assets/BrokenVector/LowPolyRoadPack/Models/Freeway Straight 2.dae
  artifactKey: Guid(6421912752fc45944a04fb09aae2e8a6) Importer(815301076,1909f56bfc062723c751e8b465ee728b)
Start importing Assets/BrokenVector/LowPolyRoadPack/Models/Freeway Straight 2.dae using Guid(6421912752fc45944a04fb09aae2e8a6) Importer(815301076,1909f56bfc062723c751e8b465ee728b) (PreviewImporter) -> (artifact id: '4e9ded6beef46cab38b1c25e69ccd7b5') in 0.0238837 seconds
Number of updated asset objects reloaded before import = 0Number of asset objects unloaded after import = 8

========================================================================
Received Import Request.
  Time since last request: 0.000035 seconds.
  path: Assets/BrokenVector/LowPolyRoadPack/Models/Freeway Straight 1.dae
  artifactKey: Guid(d515ab1e7b3b8254b942625c58c86f91) Importer(815301076,1909f56bfc062723c751e8b465ee728b)
Start importing Assets/BrokenVector/LowPolyRoadPack/Models/Freeway Straight 1.dae using Guid(d515ab1e7b3b8254b942625c58c86f91) Importer(815301076,1909f56bfc062723c751e8b465ee728b) (PreviewImporter) -> (artifact id: 'c877741642e60cb8d0839c2019861d14') in 0.026923 seconds
Number of updated asset objects reloaded before import = 0Number of asset objects unloaded after import = 8

========================================================================
Received Import Request.
  Time since last request: 15.266094 seconds.
  path: Assets/BrokenVector/LowPolyRoadPack/Models/Road Straight 3.dae
  artifactKey: Guid(628ab3e2fbe6f144d8ab49b2ef8846df) Importer(815301076,1909f56bfc062723c751e8b465ee728b)
Start importing Assets/BrokenVector/LowPolyRoadPack/Models/Road Straight 3.dae using Guid(628ab3e2fbe6f144d8ab49b2ef8846df) Importer(815301076,1909f56bfc062723c751e8b465ee728b) (PreviewImporter) -> (artifact id: 'de20111626096faa490208dcd53784a5') in 0.0596938 seconds
Number of updated asset objects reloaded before import = 0Number of asset objects unloaded after import = 8

========================================================================
Received Import Request.
  Time since last request: 0.000045 seconds.
  path: Assets/BrokenVector/LowPolyRoadPack/Models/SingleLane End.dae
  artifactKey: Guid(4887d8bc9c96f564c944f169b9acb35d) Importer(815301076,1909f56bfc062723c751e8b465ee728b)
Start importing Assets/BrokenVector/LowPolyRoadPack/Models/SingleLane End.dae using Guid(4887d8bc9c96f564c944f169b9acb35d) Importer(815301076,1909f56bfc062723c751e8b465ee728b) (PreviewImporter) -> (artifact id: '7d76202e4b2aa05f5cc953e1f5c388d1') in 0.0521996 seconds
Number of updated asset objects reloaded before import = 0Number of asset objects unloaded after import = 8

========================================================================
Received Import Request.
  Time since last request: 0.000041 seconds.
  path: Assets/BrokenVector/LowPolyRoadPack/Models/Tunnel Entrance 2.dae
  artifactKey: Guid(42e238ecb6fe5c34381c1899f40cdc59) Importer(815301076,1909f56bfc062723c751e8b465ee728b)
Start importing Assets/BrokenVector/LowPolyRoadPack/Models/Tunnel Entrance 2.dae using Guid(42e238ecb6fe5c34381c1899f40cdc59) Importer(815301076,1909f56bfc062723c751e8b465ee728b) (PreviewImporter) -> (artifact id: 'f70b01bbb07c7d248ab1b7223f70f66e') in 0.0367473 seconds
Number of updated asset objects reloaded before import = 0Number of asset objects unloaded after import = 8

========================================================================
Received Import Request.
  Time since last request: 0.969919 seconds.
  path: Assets/BrokenVector/LowPolyRoadPack/Models/Tunnel Straight 4.dae
  artifactKey: Guid(f5363fa7f00d1a14dace523483cf17f2) Importer(815301076,1909f56bfc062723c751e8b465ee728b)
Start importing Assets/BrokenVector/LowPolyRoadPack/Models/Tunnel Straight 4.dae using Guid(f5363fa7f00d1a14dace523483cf17f2) Importer(815301076,1909f56bfc062723c751e8b465ee728b) (PreviewImporter) -> (artifact id: '8ab724393a06bb6fffc16fa6b074f929') in 0.0194512 seconds
Number of updated asset objects reloaded before import = 0Number of asset objects unloaded after import = 8

========================================================================
Received Import Request.
  Time since last request: 615.739373 seconds.
  path: Assets/BrokenVector/Materials/Car Colorscheme 1.mat
  artifactKey: Guid(3889c423b8feed645aeba90d0e940408) Importer(2089858483,b0f066a214c2f5e87bad3c948f4d605d)
Start importing Assets/BrokenVector/Materials/Car Colorscheme 1.mat using Guid(3889c423b8feed645aeba90d0e940408) Importer(2089858483,b0f066a214c2f5e87bad3c948f4d605d) (ScriptedImporter) -> (artifact id: '439569a212ad3adaec9631b23ad268a2') in 0.0150215 seconds
Number of updated asset objects reloaded before import = 0Number of asset objects unloaded after import = 2

========================================================================
Received Import Request.
  Time since last request: 4.629437 seconds.
  path: Assets/Palmov Island/Low Poly Environment Park/Models/Environment/bridge.fbx
  artifactKey: Guid(02a2f7ba4ef86f44fb59e378f566e68f) Importer(2089858483,b0f066a214c2f5e87bad3c948f4d605d)
Start importing Assets/Palmov Island/Low Poly Environment Park/Models/Environment/bridge.fbx using Guid(02a2f7ba4ef86f44fb59e378f566e68f) Importer(2089858483,b0f066a214c2f5e87bad3c948f4d605d) (ScriptedImporter) -> (artifact id: '690a9a2fa105524af28f74f769568cdb') in 0.0252295 seconds
Number of updated asset objects reloaded before import = 0Number of asset objects unloaded after import = 8

========================================================================
Received Import Request.
  Time since last request: 0.000030 seconds.
  path: Assets/Palmov Island/Low Poly Environment Park/Prefabs/Grass/grass 1.prefab
  artifactKey: Guid(d9c6727f3721c5a4086ad394d37bb744) Importer(2089858483,b0f066a214c2f5e87bad3c948f4d605d)
Start importing Assets/Palmov Island/Low Poly Environment Park/Prefabs/Grass/grass 1.prefab using Guid(d9c6727f3721c5a4086ad394d37bb744) Importer(2089858483,b0f066a214c2f5e87bad3c948f4d605d) (ScriptedImporter) -> (artifact id: '790b640ed23c1549e5b24925364ac2ab') in 0.0188882 seconds
Number of updated asset objects reloaded before import = 0Number of asset objects unloaded after import = 9

========================================================================
Received Import Request.
  Time since last request: 0.000030 seconds.
  path: Assets/Palmov Island/Low Poly Environment Park/Models/Environment/fountain 2.fbx
  artifactKey: Guid(afabe8861a3a203408d7f4b846d4d493) Importer(2089858483,b0f066a214c2f5e87bad3c948f4d605d)
Start importing Assets/Palmov Island/Low Poly Environment Park/Models/Environment/fountain 2.fbx using Guid(afabe8861a3a203408d7f4b846d4d493) Importer(2089858483,b0f066a214c2f5e87bad3c948f4d605d) (ScriptedImporter) -> (artifact id: '1751bfc07c7696e6e225970ae284c6c5') in 0.0230989 seconds
Number of updated asset objects reloaded before import = 0Number of asset objects unloaded after import = 8

========================================================================
Received Import Request.
  Time since last request: 0.000033 seconds.
  path: Assets/Palmov Island/Low Poly Environment Park/Prefabs/Environment/bench 1.prefab
  artifactKey: Guid(01d6e8ec967d2c844920925bdebf5c7b) Importer(2089858483,b0f066a214c2f5e87bad3c948f4d605d)
Start importing Assets/Palmov Island/Low Poly Environment Park/Prefabs/Environment/bench 1.prefab using Guid(01d6e8ec967d2c844920925bdebf5c7b) Importer(2089858483,b0f066a214c2f5e87bad3c948f4d605d) (ScriptedImporter) -> (artifact id: '9df7be9225f3f1c8360ae36d74b23f65') in 0.0207051 seconds
Number of updated asset objects reloaded before import = 0Number of asset objects unloaded after import = 9

========================================================================
Received Import Request.
  Time since last request: 0.000052 seconds.
  path: Assets/Palmov Island/Low Poly Environment Park/Prefabs/Grass/grass 2.prefab
  artifactKey: Guid(d08851aeacbadfa42a2b661f2170de25) Importer(2089858483,b0f066a214c2f5e87bad3c948f4d605d)
Start importing Assets/Palmov Island/Low Poly Environment Park/Prefabs/Grass/grass 2.prefab using Guid(d08851aeacbadfa42a2b661f2170de25) Importer(2089858483,b0f066a214c2f5e87bad3c948f4d605d) (ScriptedImporter) -> (artifact id: '2b966bb0c244364e763123e342b3ef80') in 0.0178017 seconds
Number of updated asset objects reloaded before import = 0Number of asset objects unloaded after import = 9

========================================================================
Received Import Request.
  Time since last request: 0.000028 seconds.
  path: Assets/Palmov Island/Low Poly Environment Park/Textures/texture main.png
  artifactKey: Guid(f9d4904e1d1dab641b4199371b58e2ba) Importer(2089858483,b0f066a214c2f5e87bad3c948f4d605d)
Start importing Assets/Palmov Island/Low Poly Environment Park/Textures/texture main.png using Guid(f9d4904e1d1dab641b4199371b58e2ba) Importer(2089858483,b0f066a214c2f5e87bad3c948f4d605d) (ScriptedImporter) -> (artifact id: '7142d5cfa308c776bdf98388f0d83e23') in 0.0167312 seconds
Number of updated asset objects reloaded before import = 0Number of asset objects unloaded after import = 1

========================================================================
Received Import Request.
  Time since last request: 0.000039 seconds.
  path: Assets/Palmov Island/Low Poly Environment Park/Models/Trees/spherical tree.fbx
  artifactKey: Guid(4525472cbde143643bf81ab9935ad1bd) Importer(2089858483,b0f066a214c2f5e87bad3c948f4d605d)
Start importing Assets/Palmov Island/Low Poly Environment Park/Models/Trees/spherical tree.fbx using Guid(4525472cbde143643bf81ab9935ad1bd) Importer(2089858483,b0f066a214c2f5e87bad3c948f4d605d) (ScriptedImporter) -> (artifact id: 'ae0b380230b655c61b25d452637e293e') in 0.0209036 seconds
Number of updated asset objects reloaded before import = 0Number of asset objects unloaded after import = 8

========================================================================
Received Import Request.
  Time since last request: 0.000042 seconds.
  path: Assets/Palmov Island/Low Poly Environment Park/Prefabs/Trees/tree round foliage.prefab
  artifactKey: Guid(fea69626389bd194daaf921d168eefe7) Importer(2089858483,b0f066a214c2f5e87bad3c948f4d605d)
Start importing Assets/Palmov Island/Low Poly Environment Park/Prefabs/Trees/tree round foliage.prefab using Guid(fea69626389bd194daaf921d168eefe7) Importer(2089858483,b0f066a214c2f5e87bad3c948f4d605d) (ScriptedImporter) -> (artifact id: 'c2b61bd226175bdf534d50ca83b9b7eb') in 0.0163402 seconds
Number of updated asset objects reloaded before import = 0Number of asset objects unloaded after import = 9

========================================================================
Received Import Request.
  Time since last request: 0.000054 seconds.
  path: Assets/Palmov Island/Low Poly Environment Park/Models/Trees/tall palm tree.fbx
  artifactKey: Guid(3f3a78e33d1f8ed4eb31f6c67d12ed76) Importer(2089858483,b0f066a214c2f5e87bad3c948f4d605d)
Start importing Assets/Palmov Island/Low Poly Environment Park/Models/Trees/tall palm tree.fbx using Guid(3f3a78e33d1f8ed4eb31f6c67d12ed76) Importer(2089858483,b0f066a214c2f5e87bad3c948f4d605d) (ScriptedImporter) -> (artifact id: 'a7b440149df3a0ba9e282bc59bdde6b6') in 0.0270452 seconds
Number of updated asset objects reloaded before import = 0Number of asset objects unloaded after import = 8

========================================================================
Received Import Request.
  Time since last request: 0.000074 seconds.
  path: Assets/Palmov Island/Low Poly Environment Park/Prefabs/Grass/grass 4.prefab
  artifactKey: Guid(f0e640d23a5c7c24e8c0100f0a558da4) Importer(2089858483,b0f066a214c2f5e87bad3c948f4d605d)
Start importing Assets/Palmov Island/Low Poly Environment Park/Prefabs/Grass/grass 4.prefab using Guid(f0e640d23a5c7c24e8c0100f0a558da4) Importer(2089858483,b0f066a214c2f5e87bad3c948f4d605d) (ScriptedImporter) -> (artifact id: 'fc81019d3ef3b94af18d1584f15f0477') in 0.0195389 seconds
Number of updated asset objects reloaded before import = 0Number of asset objects unloaded after import = 9

========================================================================
Received Import Request.
  Time since last request: 0.000058 seconds.
  path: Assets/Palmov Island/Low Poly Environment Park/Models/Trees/deciduous tree.fbx
  artifactKey: Guid(ffccc22705d9dea4da9af3336f1e9d4c) Importer(2089858483,b0f066a214c2f5e87bad3c948f4d605d)
Start importing Assets/Palmov Island/Low Poly Environment Park/Models/Trees/deciduous tree.fbx using Guid(ffccc22705d9dea4da9af3336f1e9d4c) Importer(2089858483,b0f066a214c2f5e87bad3c948f4d605d) (ScriptedImporter) -> (artifact id: '40d028cb991544cbe8dd98c89ea69ba1') in 0.0234167 seconds
Number of updated asset objects reloaded before import = 0Number of asset objects unloaded after import = 8

========================================================================
Received Import Request.
  Time since last request: 0.000042 seconds.
  path: Assets/Palmov Island/Low Poly Environment Park
  artifactKey: Guid(7b942ddbb3b044307b143dcb9741210b) Importer(2089858483,b0f066a214c2f5e87bad3c948f4d605d)
Start importing Assets/Palmov Island/Low Poly Environment Park using Guid(7b942ddbb3b044307b143dcb9741210b) Importer(2089858483,b0f066a214c2f5e87bad3c948f4d605d) (ScriptedImporter) -> (artifact id: 'b2e5209692a0c63cf7dc187a46210347') in 0.0122039 seconds
Number of updated asset objects reloaded before import = 0Number of asset objects unloaded after import = 1

========================================================================
Received Import Request.
  Time since last request: 0.000063 seconds.
  path: Assets/Palmov Island/Low Poly Environment Park/Models/Park grounds/ground park 7.fbx
  artifactKey: Guid(b45262532bb42d94f9747f036488abb0) Importer(2089858483,b0f066a214c2f5e87bad3c948f4d605d)
Start importing Assets/Palmov Island/Low Poly Environment Park/Models/Park grounds/ground park 7.fbx using Guid(b45262532bb42d94f9747f036488abb0) Importer(2089858483,b0f066a214c2f5e87bad3c948f4d605d) (ScriptedImporter) -> (artifact id: '08da59afb0b9dfad7f8a8652bb2cbf89') in 0.0238006 seconds
Number of updated asset objects reloaded before import = 0Number of asset objects unloaded after import = 8

========================================================================
Received Import Request.
  Time since last request: 0.000050 seconds.
  path: Assets/Palmov Island/Low Poly Environment Park/Models/Park grounds/ground park 5.fbx
  artifactKey: Guid(6e537d94e608ecc46ab41e300d07df53) Importer(2089858483,b0f066a214c2f5e87bad3c948f4d605d)
Start importing Assets/Palmov Island/Low Poly Environment Park/Models/Park grounds/ground park 5.fbx using Guid(6e537d94e608ecc46ab41e300d07df53) Importer(2089858483,b0f066a214c2f5e87bad3c948f4d605d) (ScriptedImporter) -> (artifact id: '236a8db7bfe2716ba453724db998235b') in 0.0203038 seconds
Number of updated asset objects reloaded before import = 0Number of asset objects unloaded after import = 8

========================================================================
Received Import Request.
  Time since last request: 0.000036 seconds.
  path: Assets/Palmov Island/Low Poly Environment Park/Prefabs/Trees/tree white foliage.prefab
  artifactKey: Guid(8f5153b17a46584468e856f9401155d2) Importer(2089858483,b0f066a214c2f5e87bad3c948f4d605d)
Start importing Assets/Palmov Island/Low Poly Environment Park/Prefabs/Trees/tree white foliage.prefab using Guid(8f5153b17a46584468e856f9401155d2) Importer(2089858483,b0f066a214c2f5e87bad3c948f4d605d) (ScriptedImporter) -> (artifact id: 'c9ca88ad475aaf659b08c6391cb03d03') in 0.0192974 seconds
Number of updated asset objects reloaded before import = 0Number of asset objects unloaded after import = 9

========================================================================
Received Import Request.
  Time since last request: 0.000052 seconds.
  path: Assets/Palmov Island/Low Poly Environment Park/Models/Environment/lamppost.fbx
  artifactKey: Guid(4ae667e39975ecc4fbd91f4115b24a45) Importer(2089858483,b0f066a214c2f5e87bad3c948f4d605d)
Start importing Assets/Palmov Island/Low Poly Environment Park/Models/Environment/lamppost.fbx using Guid(4ae667e39975ecc4fbd91f4115b24a45) Importer(2089858483,b0f066a214c2f5e87bad3c948f4d605d) (ScriptedImporter) -> (artifact id: '93db76b73ccbee1b23b5b0a03f923459') in 0.0224415 seconds
Number of updated asset objects reloaded before import = 0Number of asset objects unloaded after import = 8

========================================================================
Received Import Request.
  Time since last request: 0.000060 seconds.
  path: Assets/Palmov Island/Low Poly Environment Park/Models/Environment/fountain 3.fbx
  artifactKey: Guid(a8b6e23c68553634481a2c34664c9a6c) Importer(2089858483,b0f066a214c2f5e87bad3c948f4d605d)
Start importing Assets/Palmov Island/Low Poly Environment Park/Models/Environment/fountain 3.fbx using Guid(a8b6e23c68553634481a2c34664c9a6c) Importer(2089858483,b0f066a214c2f5e87bad3c948f4d605d) (ScriptedImporter) -> (artifact id: '3e92ff391a472887cd153d0ca0893d36') in 0.0213573 seconds
Number of updated asset objects reloaded before import = 0Number of asset objects unloaded after import = 8

========================================================================
Received Import Request.
  Time since last request: 0.000032 seconds.
  path: Assets/Palmov Island/Low Poly Environment Park/Models/Environment/carpet red.fbx
  artifactKey: Guid(358b840743147954199e5da2c3d8d1b6) Importer(2089858483,b0f066a214c2f5e87bad3c948f4d605d)
Start importing Assets/Palmov Island/Low Poly Environment Park/Models/Environment/carpet red.fbx using Guid(358b840743147954199e5da2c3d8d1b6) Importer(2089858483,b0f066a214c2f5e87bad3c948f4d605d) (ScriptedImporter) -> (artifact id: '34bb075837b076d594aaaabec4db1664') in 0.0245043 seconds
Number of updated asset objects reloaded before import = 0Number of asset objects unloaded after import = 8

========================================================================
Received Import Request.
  Time since last request: 0.000047 seconds.
  path: Assets/Palmov Island/Low Poly Environment Park/Materials/mat main.mat
  artifactKey: Guid(63ac02641efdf374788d7d14242bde68) Importer(2089858483,b0f066a214c2f5e87bad3c948f4d605d)
Start importing Assets/Palmov Island/Low Poly Environment Park/Materials/mat main.mat using Guid(63ac02641efdf374788d7d14242bde68) Importer(2089858483,b0f066a214c2f5e87bad3c948f4d605d) (ScriptedImporter) -> (artifact id: '6dd04d4ff3b7e853e6247dfa5579e4ba') in 0.0177317 seconds
Number of updated asset objects reloaded before import = 0Number of asset objects unloaded after import = 2

========================================================================
Received Import Request.
  Time since last request: 0.000060 seconds.
  path: Assets/Palmov Island/Low Poly Environment Park/Prefabs/Trees/tree orange foliage.prefab
  artifactKey: Guid(7a3134ee04abb294291489477a09cec4) Importer(2089858483,b0f066a214c2f5e87bad3c948f4d605d)
Start importing Assets/Palmov Island/Low Poly Environment Park/Prefabs/Trees/tree orange foliage.prefab using Guid(7a3134ee04abb294291489477a09cec4) Importer(2089858483,b0f066a214c2f5e87bad3c948f4d605d) (ScriptedImporter) -> (artifact id: '9ca8aa4714483513cec08c249e97ca34') in 0.0193099 seconds
Number of updated asset objects reloaded before import = 0Number of asset objects unloaded after import = 9

========================================================================
Received Import Request.
  Time since last request: 0.000075 seconds.
  path: Assets/Palmov Island/Low Poly Environment Park/Models/Grass/grass 2.fbx
  artifactKey: Guid(8253ca105f4ae554994c59ec48e47051) Importer(2089858483,b0f066a214c2f5e87bad3c948f4d605d)
Start importing Assets/Palmov Island/Low Poly Environment Park/Models/Grass/grass 2.fbx using Guid(8253ca105f4ae554994c59ec48e47051) Importer(2089858483,b0f066a214c2f5e87bad3c948f4d605d) (ScriptedImporter) -> (artifact id: '874255fa96f55de149f435573093676d') in 0.0225119 seconds
Number of updated asset objects reloaded before import = 0Number of asset objects unloaded after import = 8

========================================================================
Received Import Request.
  Time since last request: 0.000033 seconds.
  path: Assets/Palmov Island/Low Poly Environment Park/Prefabs/Environment/fountain 2.prefab
  artifactKey: Guid(9e5ad74bd85cfa443914368f33bc9206) Importer(2089858483,b0f066a214c2f5e87bad3c948f4d605d)
Start importing Assets/Palmov Island/Low Poly Environment Park/Prefabs/Environment/fountain 2.prefab using Guid(9e5ad74bd85cfa443914368f33bc9206) Importer(2089858483,b0f066a214c2f5e87bad3c948f4d605d) (ScriptedImporter) -> (artifact id: '2ae0b2c76f3bfde7953f4deed532f3d6') in 0.0165422 seconds
Number of updated asset objects reloaded before import = 0Number of asset objects unloaded after import = 9

========================================================================
Received Import Request.
  Time since last request: 0.000042 seconds.
  path: Assets/Palmov Island/Low Poly Environment Park/Models
  artifactKey: Guid(5512bbb5436b71a48b1c6518d32016ad) Importer(2089858483,b0f066a214c2f5e87bad3c948f4d605d)
Start importing Assets/Palmov Island/Low Poly Environment Park/Models using Guid(5512bbb5436b71a48b1c6518d32016ad) Importer(2089858483,b0f066a214c2f5e87bad3c948f4d605d) (ScriptedImporter) -> (artifact id: '69e5f61f70e060676d219a9474bf46eb') in 0.0109997 seconds
Number of updated asset objects reloaded before import = 0Number of asset objects unloaded after import = 1

========================================================================
Received Import Request.
  Time since last request: 0.000028 seconds.
  path: Assets/Palmov Island/Low Poly Environment Park/Prefabs/Trees/fir tree 1.prefab
  artifactKey: Guid(a34c4b4b4b0e65342a85b342679c459b) Importer(2089858483,b0f066a214c2f5e87bad3c948f4d605d)
Start importing Assets/Palmov Island/Low Poly Environment Park/Prefabs/Trees/fir tree 1.prefab using Guid(a34c4b4b4b0e65342a85b342679c459b) Importer(2089858483,b0f066a214c2f5e87bad3c948f4d605d) (ScriptedImporter) -> (artifact id: '00d5bab2af56841dd0b2e11fe7bad261') in 0.0189033 seconds
Number of updated asset objects reloaded before import = 0Number of asset objects unloaded after import = 9

========================================================================
Received Import Request.
  Time since last request: 0.000054 seconds.
  path: Assets/Palmov Island/Low Poly Environment Park/Prefabs/Trees/dry palm tree.prefab
  artifactKey: Guid(afe706e7fb34aa04aa74bdcd9b705929) Importer(2089858483,b0f066a214c2f5e87bad3c948f4d605d)
Start importing Assets/Palmov Island/Low Poly Environment Park/Prefabs/Trees/dry palm tree.prefab using Guid(afe706e7fb34aa04aa74bdcd9b705929) Importer(2089858483,b0f066a214c2f5e87bad3c948f4d605d) (ScriptedImporter) -> (artifact id: 'f81913eafff676381805f354f5785b0e') in 0.0170769 seconds
Number of updated asset objects reloaded before import = 0Number of asset objects unloaded after import = 9

========================================================================
Received Import Request.
  Time since last request: 0.000040 seconds.
  path: Assets/Palmov Island/Low Poly Environment Park/Models/Grass/grass 1.fbx
  artifactKey: Guid(05cee6315ff403c47b560042975f1dc7) Importer(2089858483,b0f066a214c2f5e87bad3c948f4d605d)
Start importing Assets/Palmov Island/Low Poly Environment Park/Models/Grass/grass 1.fbx using Guid(05cee6315ff403c47b560042975f1dc7) Importer(2089858483,b0f066a214c2f5e87bad3c948f4d605d) (ScriptedImporter) -> (artifact id: '8e7df47bbd72c5047a2a94d881bc57fc') in 0.0193208 seconds
Number of updated asset objects reloaded before import = 0Number of asset objects unloaded after import = 8

========================================================================
Received Import Request.
  Time since last request: 0.000032 seconds.
  path: Assets/Palmov Island/Low Poly Environment Park/Models/Trees/tree oak.fbx
  artifactKey: Guid(b35ec297e0aa7ef498cb060427a62e12) Importer(2089858483,b0f066a214c2f5e87bad3c948f4d605d)
Start importing Assets/Palmov Island/Low Poly Environment Park/Models/Trees/tree oak.fbx using Guid(b35ec297e0aa7ef498cb060427a62e12) Importer(2089858483,b0f066a214c2f5e87bad3c948f4d605d) (ScriptedImporter) -> (artifact id: 'bfdd25c04104f53f62939e230b4e3a8a') in 0.0184837 seconds
Number of updated asset objects reloaded before import = 0Number of asset objects unloaded after import = 8

========================================================================
Received Import Request.
  Time since last request: 0.000040 seconds.
  path: Assets/Palmov Island/Low Poly Environment Park/Models/Environment/bench 2.fbx
  artifactKey: Guid(63f6f79d68e0e994dbb89d9516315a60) Importer(2089858483,b0f066a214c2f5e87bad3c948f4d605d)
Start importing Assets/Palmov Island/Low Poly Environment Park/Models/Environment/bench 2.fbx using Guid(63f6f79d68e0e994dbb89d9516315a60) Importer(2089858483,b0f066a214c2f5e87bad3c948f4d605d) (ScriptedImporter) -> (artifact id: 'baa10488052d5ffb0efea4bd068c102a') in 0.021264 seconds
Number of updated asset objects reloaded before import = 0Number of asset objects unloaded after import = 8

========================================================================
Received Import Request.
  Time since last request: 0.000038 seconds.
  path: Assets/Palmov Island/Low Poly Environment Park/Models/Stones/stone 2.fbx
  artifactKey: Guid(08185724b7eab714ba3fcef8656d7275) Importer(2089858483,b0f066a214c2f5e87bad3c948f4d605d)
Start importing Assets/Palmov Island/Low Poly Environment Park/Models/Stones/stone 2.fbx using Guid(08185724b7eab714ba3fcef8656d7275) Importer(2089858483,b0f066a214c2f5e87bad3c948f4d605d) (ScriptedImporter) -> (artifact id: '935cd102f896a131122a4a4f7b1175f2') in 0.0324852 seconds
Number of updated asset objects reloaded before import = 0Number of asset objects unloaded after import = 8

========================================================================
Received Import Request.
  Time since last request: 0.000041 seconds.
  path: Assets/Palmov Island/Low Poly Environment Park/Models/Trees/dry palm tree.fbx
  artifactKey: Guid(e23dbeb709038e34ca039c7e04823959) Importer(2089858483,b0f066a214c2f5e87bad3c948f4d605d)
Start importing Assets/Palmov Island/Low Poly Environment Park/Models/Trees/dry palm tree.fbx using Guid(e23dbeb709038e34ca039c7e04823959) Importer(2089858483,b0f066a214c2f5e87bad3c948f4d605d) (ScriptedImporter) -> (artifact id: '02d2bd2aa08c5c6208d3444e95c3f56d') in 0.0179564 seconds
Number of updated asset objects reloaded before import = 0Number of asset objects unloaded after import = 8

========================================================================
Received Import Request.
  Time since last request: 0.000064 seconds.
  path: Assets/Palmov Island/Low Poly Environment Park/Models/Park grounds/ground park 4.fbx
  artifactKey: Guid(62105d1c79ca0454fbcca43596faf444) Importer(2089858483,b0f066a214c2f5e87bad3c948f4d605d)
Start importing Assets/Palmov Island/Low Poly Environment Park/Models/Park grounds/ground park 4.fbx using Guid(62105d1c79ca0454fbcca43596faf444) Importer(2089858483,b0f066a214c2f5e87bad3c948f4d605d) (ScriptedImporter) -> (artifact id: 'fda13001617c959a2e9affe14feec7fc') in 0.0172056 seconds
Number of updated asset objects reloaded before import = 0Number of asset objects unloaded after import = 8

========================================================================
Received Import Request.
  Time since last request: 0.000033 seconds.
  path: Assets/Palmov Island/Low Poly Environment Park/Models/Stones/stone 5.fbx
  artifactKey: Guid(90e09742c7ce16247acd04681cc6dc77) Importer(2089858483,b0f066a214c2f5e87bad3c948f4d605d)
Start importing Assets/Palmov Island/Low Poly Environment Park/Models/Stones/stone 5.fbx using Guid(90e09742c7ce16247acd04681cc6dc77) Importer(2089858483,b0f066a214c2f5e87bad3c948f4d605d) (ScriptedImporter) -> (artifact id: '7b2bcb972c50a32b950df74357e8566f') in 0.0192902 seconds
Number of updated asset objects reloaded before import = 0Number of asset objects unloaded after import = 8

========================================================================
Received Import Request.
  Time since last request: 0.000032 seconds.
  path: Assets/Palmov Island/Low Poly Environment Park/guideline.pdf
  artifactKey: Guid(9f76b86af9fa64cc9bb1779869eeb06d) Importer(2089858483,b0f066a214c2f5e87bad3c948f4d605d)
Start importing Assets/Palmov Island/Low Poly Environment Park/guideline.pdf using Guid(9f76b86af9fa64cc9bb1779869eeb06d) Importer(2089858483,b0f066a214c2f5e87bad3c948f4d605d) (ScriptedImporter) -> (artifact id: 'ee02d94972d92366757262c02be12952') in 0.0124584 seconds
Number of updated asset objects reloaded before import = 0Number of asset objects unloaded after import = 1

========================================================================
Received Import Request.
  Time since last request: 0.000033 seconds.
  path: Assets/Palmov Island/Low Poly Environment Park/Models/Environment/picnic bag.fbx
  artifactKey: Guid(a590a80bad6af8a4eaa19194133619d0) Importer(2089858483,b0f066a214c2f5e87bad3c948f4d605d)
Start importing Assets/Palmov Island/Low Poly Environment Park/Models/Environment/picnic bag.fbx using Guid(a590a80bad6af8a4eaa19194133619d0) Importer(2089858483,b0f066a214c2f5e87bad3c948f4d605d) (ScriptedImporter) -> (artifact id: '293596b9f62eaa876565ca96e7915ae2') in 0.0198522 seconds
Number of updated asset objects reloaded before import = 0Number of asset objects unloaded after import = 8

========================================================================
Received Import Request.
  Time since last request: 0.000043 seconds.
  path: Assets/Palmov Island/Low Poly Environment Park/Prefabs/Trees
  artifactKey: Guid(83666c7f73a0b5a40af6760174fbc16b) Importer(2089858483,b0f066a214c2f5e87bad3c948f4d605d)
Start importing Assets/Palmov Island/Low Poly Environment Park/Prefabs/Trees using Guid(83666c7f73a0b5a40af6760174fbc16b) Importer(2089858483,b0f066a214c2f5e87bad3c948f4d605d) (ScriptedImporter) -> (artifact id: 'd1cbc7f4853bcd1f7413550a17f8c4a1') in 0.0115302 seconds
Number of updated asset objects reloaded before import = 0Number of asset objects unloaded after import = 1

========================================================================
Received Import Request.
  Time since last request: 0.000049 seconds.
  path: Assets/Palmov Island/Low Poly Environment Park/Prefabs/Trees/palm tree.prefab
  artifactKey: Guid(3c2d090bba185f54a9a981c8f7dc032e) Importer(2089858483,b0f066a214c2f5e87bad3c948f4d605d)
Start importing Assets/Palmov Island/Low Poly Environment Park/Prefabs/Trees/palm tree.prefab using Guid(3c2d090bba185f54a9a981c8f7dc032e) Importer(2089858483,b0f066a214c2f5e87bad3c948f4d605d) (ScriptedImporter) -> (artifact id: '38a3d833f9be4897c5d1f11f9b7b160e') in 0.016623 seconds
Number of updated asset objects reloaded before import = 0Number of asset objects unloaded after import = 9

========================================================================
Received Import Request.
  Time since last request: 0.000072 seconds.
  path: Assets/Palmov Island/Low Poly Environment Park/Models/Stones
  artifactKey: Guid(0f7e2c1638ee2f44dad563e8f0ec03e5) Importer(2089858483,b0f066a214c2f5e87bad3c948f4d605d)
Start importing Assets/Palmov Island/Low Poly Environment Park/Models/Stones using Guid(0f7e2c1638ee2f44dad563e8f0ec03e5) Importer(2089858483,b0f066a214c2f5e87bad3c948f4d605d) (ScriptedImporter) -> (artifact id: '0fc6cc81f6877fefc8b89b8f698063de') in 0.0138028 seconds
Number of updated asset objects reloaded before import = 0Number of asset objects unloaded after import = 1

========================================================================
Received Import Request.
  Time since last request: 0.000027 seconds.
  path: Assets/Palmov Island/Low Poly Environment Park/Prefabs/Environment/bench 2.prefab
  artifactKey: Guid(78ba3061802f56a458a85b155906b062) Importer(2089858483,b0f066a214c2f5e87bad3c948f4d605d)
Start importing Assets/Palmov Island/Low Poly Environment Park/Prefabs/Environment/bench 2.prefab using Guid(78ba3061802f56a458a85b155906b062) Importer(2089858483,b0f066a214c2f5e87bad3c948f4d605d) (ScriptedImporter) -> (artifact id: '65df6dbde51300ce3b6cc8621b6c17aa') in 0.0150755 seconds
Number of updated asset objects reloaded before import = 0Number of asset objects unloaded after import = 9

========================================================================
Received Import Request.
  Time since last request: 0.000046 seconds.
  path: Assets/Palmov Island/Low Poly Environment Park/Prefabs/Park grounds/ground park 3.prefab
  artifactKey: Guid(08262869cbba7f246b71c51488913881) Importer(2089858483,b0f066a214c2f5e87bad3c948f4d605d)
Start importing Assets/Palmov Island/Low Poly Environment Park/Prefabs/Park grounds/ground park 3.prefab using Guid(08262869cbba7f246b71c51488913881) Importer(2089858483,b0f066a214c2f5e87bad3c948f4d605d) (ScriptedImporter) -> (artifact id: '76717ae2fc6d3c5e14092df6064803d6') in 0.0177666 seconds
Number of updated asset objects reloaded before import = 0Number of asset objects unloaded after import = 9

========================================================================
Received Import Request.
  Time since last request: 0.000041 seconds.
  path: Assets/Palmov Island/Low Poly Environment Park/Models/Stones/stone 4.fbx
  artifactKey: Guid(f60eff158ba294b488ac5001df5115d3) Importer(2089858483,b0f066a214c2f5e87bad3c948f4d605d)
Start importing Assets/Palmov Island/Low Poly Environment Park/Models/Stones/stone 4.fbx using Guid(f60eff158ba294b488ac5001df5115d3) Importer(2089858483,b0f066a214c2f5e87bad3c948f4d605d) (ScriptedImporter) -> (artifact id: '27132cb22ee605a818fec099c3a290df') in 0.0180645 seconds
Number of updated asset objects reloaded before import = 0Number of asset objects unloaded after import = 8

========================================================================
Received Import Request.
  Time since last request: 0.000081 seconds.
  path: Assets/Palmov Island/Low Poly Environment Park/Prefabs/Trees/elongated tree.prefab
  artifactKey: Guid(1c24bab945ee8164ba75c6fc6d2fa148) Importer(2089858483,b0f066a214c2f5e87bad3c948f4d605d)
Start importing Assets/Palmov Island/Low Poly Environment Park/Prefabs/Trees/elongated tree.prefab using Guid(1c24bab945ee8164ba75c6fc6d2fa148) Importer(2089858483,b0f066a214c2f5e87bad3c948f4d605d) (ScriptedImporter) -> (artifact id: '3df8bbca886b3232c7c463cf307e0f7c') in 0.0236449 seconds
Number of updated asset objects reloaded before import = 0Number of asset objects unloaded after import = 9

========================================================================
Received Import Request.
  Time since last request: 0.000031 seconds.
  path: Assets/Palmov Island/Low Poly Environment Park/Prefabs/Environment/trash can 2.prefab
  artifactKey: Guid(1963cbb9ecc2b5b4d81710b529cf1d0f) Importer(2089858483,b0f066a214c2f5e87bad3c948f4d605d)
Start importing Assets/Palmov Island/Low Poly Environment Park/Prefabs/Environment/trash can 2.prefab using Guid(1963cbb9ecc2b5b4d81710b529cf1d0f) Importer(2089858483,b0f066a214c2f5e87bad3c948f4d605d) (ScriptedImporter) -> (artifact id: '348fa8ab3bf158488c4829a77fbdbd97') in 0.0173558 seconds
Number of updated asset objects reloaded before import = 0Number of asset objects unloaded after import = 9

========================================================================
Received Import Request.
  Time since last request: 0.000029 seconds.
  path: Assets/Palmov Island/Low Poly Environment Park/Prefabs/Trees/birch tree.prefab
  artifactKey: Guid(378f11e9a1701b044b0ec82ba9740347) Importer(2089858483,b0f066a214c2f5e87bad3c948f4d605d)
Start importing Assets/Palmov Island/Low Poly Environment Park/Prefabs/Trees/birch tree.prefab using Guid(378f11e9a1701b044b0ec82ba9740347) Importer(2089858483,b0f066a214c2f5e87bad3c948f4d605d) (ScriptedImporter) -> (artifact id: '4a2daa9184588ded9b7acd632fc39c3b') in 0.0144281 seconds
Number of updated asset objects reloaded before import = 0Number of asset objects unloaded after import = 9

========================================================================
Received Import Request.
  Time since last request: 0.000040 seconds.
  path: Assets/Palmov Island/Low Poly Environment Park/Prefabs/Trees/tree oak.prefab
  artifactKey: Guid(3279d46e98077ab44ab85e34b99064f0) Importer(2089858483,b0f066a214c2f5e87bad3c948f4d605d)
Start importing Assets/Palmov Island/Low Poly Environment Park/Prefabs/Trees/tree oak.prefab using Guid(3279d46e98077ab44ab85e34b99064f0) Importer(2089858483,b0f066a214c2f5e87bad3c948f4d605d) (ScriptedImporter) -> (artifact id: 'd4a5d9c33c9e29d17e94ea1232962f9d') in 0.0188245 seconds
Number of updated asset objects reloaded before import = 0Number of asset objects unloaded after import = 9

========================================================================
Received Import Request.
  Time since last request: 0.000038 seconds.
  path: Assets/Palmov Island/Low Poly Environment Park/Prefabs/Trees/tall palm tree.prefab
  artifactKey: Guid(52c6da928e060a84cac3b34ac2652745) Importer(2089858483,b0f066a214c2f5e87bad3c948f4d605d)
Start importing Assets/Palmov Island/Low Poly Environment Park/Prefabs/Trees/tall palm tree.prefab using Guid(52c6da928e060a84cac3b34ac2652745) Importer(2089858483,b0f066a214c2f5e87bad3c948f4d605d) (ScriptedImporter) -> (artifact id: '44c06043cbe7030a5734df02695dc355') in 0.0156989 seconds
Number of updated asset objects reloaded before import = 0Number of asset objects unloaded after import = 9

========================================================================
Received Import Request.
  Time since last request: 0.000046 seconds.
  path: Assets/Palmov Island/Low Poly Environment Park/Scenes/Park Scenes.unity
  artifactKey: Guid(e885862255c6eca44a2a3117bf44cf06) Importer(2089858483,b0f066a214c2f5e87bad3c948f4d605d)
Start importing Assets/Palmov Island/Low Poly Environment Park/Scenes/Park Scenes.unity using Guid(e885862255c6eca44a2a3117bf44cf06) Importer(2089858483,b0f066a214c2f5e87bad3c948f4d605d) (ScriptedImporter) -> (artifact id: '4c99c43e58351172457ed82f40f41f8c') in 0.0211659 seconds
Number of updated asset objects reloaded before import = 0Number of asset objects unloaded after import = 1

========================================================================
Received Import Request.
  Time since last request: 0.000083 seconds.
  path: Assets/Palmov Island/Low Poly Environment Park/Prefabs/Park grounds
  artifactKey: Guid(db6fb602ce1b6f343b85e85f767fa282) Importer(2089858483,b0f066a214c2f5e87bad3c948f4d605d)
Start importing Assets/Palmov Island/Low Poly Environment Park/Prefabs/Park grounds using Guid(db6fb602ce1b6f343b85e85f767fa282) Importer(2089858483,b0f066a214c2f5e87bad3c948f4d605d) (ScriptedImporter) -> (artifact id: 'c6101a0b526593fe2a574c82a77c678f') in 0.0118516 seconds
Number of updated asset objects reloaded before import = 0Number of asset objects unloaded after import = 1

========================================================================
Received Import Request.
  Time since last request: 0.000030 seconds.
  path: Assets/Palmov Island/Low Poly Environment Park/Prefabs/Environment/carpet red.prefab
  artifactKey: Guid(36092e653377b174fb0366a9f88709ba) Importer(2089858483,b0f066a214c2f5e87bad3c948f4d605d)
Start importing Assets/Palmov Island/Low Poly Environment Park/Prefabs/Environment/carpet red.prefab using Guid(36092e653377b174fb0366a9f88709ba) Importer(2089858483,b0f066a214c2f5e87bad3c948f4d605d) (ScriptedImporter) -> (artifact id: '4643873aadb2fffc4ee6fbf4a5bb907c') in 0.0172931 seconds
Number of updated asset objects reloaded before import = 0Number of asset objects unloaded after import = 9

========================================================================
Received Import Request.
  Time since last request: 0.000036 seconds.
  path: Assets/Palmov Island/Low Poly Environment Park/Prefabs/Stones/stone 5.prefab
  artifactKey: Guid(69648293260ae5248b46f692a97f8200) Importer(2089858483,b0f066a214c2f5e87bad3c948f4d605d)
Start importing Assets/Palmov Island/Low Poly Environment Park/Prefabs/Stones/stone 5.prefab using Guid(69648293260ae5248b46f692a97f8200) Importer(2089858483,b0f066a214c2f5e87bad3c948f4d605d) (ScriptedImporter) -> (artifact id: '13c47d1f290fba4942c0b6781169fad0') in 0.0199613 seconds
Number of updated asset objects reloaded before import = 0Number of asset objects unloaded after import = 9

========================================================================
Received Import Request.
  Time since last request: 0.000078 seconds.
  path: Assets/Palmov Island/Low Poly Environment Park/Prefabs/Environment/fountain 3.prefab
  artifactKey: Guid(173b1027a6d1ed544a1379cedb067a9c) Importer(2089858483,b0f066a214c2f5e87bad3c948f4d605d)
Start importing Assets/Palmov Island/Low Poly Environment Park/Prefabs/Environment/fountain 3.prefab using Guid(173b1027a6d1ed544a1379cedb067a9c) Importer(2089858483,b0f066a214c2f5e87bad3c948f4d605d) (ScriptedImporter) -> (artifact id: '45a6e76068ff3434b2a03f7e5fe01612') in 0.0198536 seconds
Number of updated asset objects reloaded before import = 0Number of asset objects unloaded after import = 9

========================================================================
Received Import Request.
  Time since last request: 0.000031 seconds.
  path: Assets/Palmov Island/Low Poly Environment Park/Models/Park grounds
  artifactKey: Guid(014a714566e5de34380043c5b2ffcdb2) Importer(2089858483,b0f066a214c2f5e87bad3c948f4d605d)
Start importing Assets/Palmov Island/Low Poly Environment Park/Models/Park grounds using Guid(014a714566e5de34380043c5b2ffcdb2) Importer(2089858483,b0f066a214c2f5e87bad3c948f4d605d) (ScriptedImporter) -> (artifact id: '792b93009a03d682cfb2a4743acff30f') in 0.0119251 seconds
Number of updated asset objects reloaded before import = 0Number of asset objects unloaded after import = 1

========================================================================
Received Import Request.
  Time since last request: 0.000025 seconds.
  path: Assets/Palmov Island/Low Poly Environment Park/Models/Trees/elongated tree.fbx
  artifactKey: Guid(d7e00f01457c3394e8da1c9b6d0b9618) Importer(2089858483,b0f066a214c2f5e87bad3c948f4d605d)
Start importing Assets/Palmov Island/Low Poly Environment Park/Models/Trees/elongated tree.fbx using Guid(d7e00f01457c3394e8da1c9b6d0b9618) Importer(2089858483,b0f066a214c2f5e87bad3c948f4d605d) (ScriptedImporter) -> (artifact id: '7583738a1d942af2a90e28b23c7a597d') in 0.022306 seconds
Number of updated asset objects reloaded before import = 0Number of asset objects unloaded after import = 8

========================================================================
Received Import Request.
  Time since last request: 0.000031 seconds.
  path: Assets/Palmov Island/Low Poly Environment Park/Models/Stones/stone 3.fbx
  artifactKey: Guid(9e9b1fae7ec11ad418831097603aae65) Importer(2089858483,b0f066a214c2f5e87bad3c948f4d605d)
Start importing Assets/Palmov Island/Low Poly Environment Park/Models/Stones/stone 3.fbx using Guid(9e9b1fae7ec11ad418831097603aae65) Importer(2089858483,b0f066a214c2f5e87bad3c948f4d605d) (ScriptedImporter) -> (artifact id: '79596391e72588af872dbbe72a878ff8') in 0.0230902 seconds
Number of updated asset objects reloaded before import = 0Number of asset objects unloaded after import = 8

========================================================================
Received Import Request.
  Time since last request: 0.000044 seconds.
  path: Assets/Palmov Island/Low Poly Environment Park/Models/Environment
  artifactKey: Guid(427c1aa4b7a05854f88379b935c319c4) Importer(2089858483,b0f066a214c2f5e87bad3c948f4d605d)
Start importing Assets/Palmov Island/Low Poly Environment Park/Models/Environment using Guid(427c1aa4b7a05854f88379b935c319c4) Importer(2089858483,b0f066a214c2f5e87bad3c948f4d605d) (ScriptedImporter) -> (artifact id: '1117684865adc2c797c927262a929f7b') in 0.0141244 seconds
Number of updated asset objects reloaded before import = 0Number of asset objects unloaded after import = 1

========================================================================
Received Import Request.
  Time since last request: 0.000027 seconds.
  path: Assets/Palmov Island/Low Poly Environment Park/Models/Environment/wooden bench.fbx
  artifactKey: Guid(ffe98d202d829e34a8e668c4121ecb12) Importer(2089858483,b0f066a214c2f5e87bad3c948f4d605d)
Start importing Assets/Palmov Island/Low Poly Environment Park/Models/Environment/wooden bench.fbx using Guid(ffe98d202d829e34a8e668c4121ecb12) Importer(2089858483,b0f066a214c2f5e87bad3c948f4d605d) (ScriptedImporter) -> (artifact id: '5bc117be10272154e9d046b882324dad') in 0.0194776 seconds
Number of updated asset objects reloaded before import = 0Number of asset objects unloaded after import = 8

========================================================================
Received Import Request.
  Time since last request: 0.000037 seconds.
  path: Assets/Palmov Island/Low Poly Environment Park/Prefabs/Environment/lamppost.prefab
  artifactKey: Guid(f7ff35a5deb7e914fabf51eee4e649a6) Importer(2089858483,b0f066a214c2f5e87bad3c948f4d605d)
Start importing Assets/Palmov Island/Low Poly Environment Park/Prefabs/Environment/lamppost.prefab using Guid(f7ff35a5deb7e914fabf51eee4e649a6) Importer(2089858483,b0f066a214c2f5e87bad3c948f4d605d) (ScriptedImporter) -> (artifact id: '1a97db2901458691265aead1752b240e') in 0.0162291 seconds
Number of updated asset objects reloaded before import = 0Number of asset objects unloaded after import = 9

========================================================================
Received Import Request.
  Time since last request: 0.000032 seconds.
  path: Assets/Palmov Island/Low Poly Environment Park/Models/Trees
  artifactKey: Guid(bbe2d4484a699c04682506c0c3da5999) Importer(2089858483,b0f066a214c2f5e87bad3c948f4d605d)
Start importing Assets/Palmov Island/Low Poly Environment Park/Models/Trees using Guid(bbe2d4484a699c04682506c0c3da5999) Importer(2089858483,b0f066a214c2f5e87bad3c948f4d605d) (ScriptedImporter) -> (artifact id: '7e19f494b22b2e962728d96eeca9ae96') in 0.0124205 seconds
Number of updated asset objects reloaded before import = 0Number of asset objects unloaded after import = 1

========================================================================
Received Import Request.
  Time since last request: 0.000033 seconds.
  path: Assets/Palmov Island/Low Poly Environment Park/Models/Grass
  artifactKey: Guid(1e03b68d073b22a409ce9746eb53c253) Importer(2089858483,b0f066a214c2f5e87bad3c948f4d605d)
Start importing Assets/Palmov Island/Low Poly Environment Park/Models/Grass using Guid(1e03b68d073b22a409ce9746eb53c253) Importer(2089858483,b0f066a214c2f5e87bad3c948f4d605d) (ScriptedImporter) -> (artifact id: 'dfb492e03f21446525564641314136e1') in 0.0113484 seconds
Number of updated asset objects reloaded before import = 0Number of asset objects unloaded after import = 1

========================================================================
Received Import Request.
  Time since last request: 0.000043 seconds.
  path: Assets/Palmov Island/Low Poly Environment Park/Scenes/Stones.unity
  artifactKey: Guid(9d45f1f106b1cb244b9b9f8de960dbf4) Importer(2089858483,b0f066a214c2f5e87bad3c948f4d605d)
Start importing Assets/Palmov Island/Low Poly Environment Park/Scenes/Stones.unity using Guid(9d45f1f106b1cb244b9b9f8de960dbf4) Importer(2089858483,b0f066a214c2f5e87bad3c948f4d605d) (ScriptedImporter) -> (artifact id: 'aa6fd9339ee2955a046651c0f34fb56b') in 0.0128446 seconds
Number of updated asset objects reloaded before import = 0Number of asset objects unloaded after import = 1

========================================================================
Received Import Request.
  Time since last request: 0.000029 seconds.
  path: Assets/Palmov Island/Low Poly Environment Park/Models/Park grounds/ground park 1.fbx
  artifactKey: Guid(8933367ee3eaf634a89e79d8ee03c3fa) Importer(2089858483,b0f066a214c2f5e87bad3c948f4d605d)
Start importing Assets/Palmov Island/Low Poly Environment Park/Models/Park grounds/ground park 1.fbx using Guid(8933367ee3eaf634a89e79d8ee03c3fa) Importer(2089858483,b0f066a214c2f5e87bad3c948f4d605d) (ScriptedImporter) -> (artifact id: '88078c00e2aa6022bf5a56a9e475a152') in 0.0177187 seconds
Number of updated asset objects reloaded before import = 0Number of asset objects unloaded after import = 8

========================================================================
Received Import Request.
  Time since last request: 0.000033 seconds.
  path: Assets/Palmov Island/Low Poly Environment Park/Models/Trees/tree white foliage.fbx
  artifactKey: Guid(dc494f2943f2dda4e89fe6e9dc50a439) Importer(2089858483,b0f066a214c2f5e87bad3c948f4d605d)
Start importing Assets/Palmov Island/Low Poly Environment Park/Models/Trees/tree white foliage.fbx using Guid(dc494f2943f2dda4e89fe6e9dc50a439) Importer(2089858483,b0f066a214c2f5e87bad3c948f4d605d) (ScriptedImporter) -> (artifact id: 'db59ec6f377dbd347048af493bc002f6') in 0.0189623 seconds
Number of updated asset objects reloaded before import = 0Number of asset objects unloaded after import = 8

========================================================================
Received Import Request.
  Time since last request: 0.000027 seconds.
  path: Assets/Palmov Island/Low Poly Environment Park/Prefabs/Environment/bridge.prefab
  artifactKey: Guid(033fb5a72ae76a54f8e6e29275edd84b) Importer(2089858483,b0f066a214c2f5e87bad3c948f4d605d)
Start importing Assets/Palmov Island/Low Poly Environment Park/Prefabs/Environment/bridge.prefab using Guid(033fb5a72ae76a54f8e6e29275edd84b) Importer(2089858483,b0f066a214c2f5e87bad3c948f4d605d) (ScriptedImporter) -> (artifact id: '2999821d34d2fe71b991a5c2b8661274') in 0.0168329 seconds
Number of updated asset objects reloaded before import = 0Number of asset objects unloaded after import = 9

========================================================================
Received Import Request.
  Time since last request: 0.000041 seconds.
  path: Assets/Palmov Island/Low Poly Environment Park/Models/Grass/grass 3.fbx
  artifactKey: Guid(6b7d8ff71597e884f92dee7df1d4572b) Importer(2089858483,b0f066a214c2f5e87bad3c948f4d605d)
Start importing Assets/Palmov Island/Low Poly Environment Park/Models/Grass/grass 3.fbx using Guid(6b7d8ff71597e884f92dee7df1d4572b) Importer(2089858483,b0f066a214c2f5e87bad3c948f4d605d) (ScriptedImporter) -> (artifact id: '10f745efa9ad9d18f9f80fe428c84d13') in 0.019962 seconds
Number of updated asset objects reloaded before import = 0Number of asset objects unloaded after import = 8

========================================================================
Received Import Request.
  Time since last request: 204.728210 seconds.
  path: Assets/Palmov Island/Low Poly Environment Park/Models/Environment/bench 2.fbx
  artifactKey: Guid(63f6f79d68e0e994dbb89d9516315a60) Importer(815301076,1909f56bfc062723c751e8b465ee728b)
Start importing Assets/Palmov Island/Low Poly Environment Park/Models/Environment/bench 2.fbx using Guid(63f6f79d68e0e994dbb89d9516315a60) Importer(815301076,1909f56bfc062723c751e8b465ee728b) (PreviewImporter) -> (artifact id: 'ab08b548a7d2cbc11d722c70a8afd1dd') in 0.0310464 seconds
Number of updated asset objects reloaded before import = 0Number of asset objects unloaded after import = 9

========================================================================
Received Import Request.
  Time since last request: 0.000035 seconds.
  path: Assets/Palmov Island/Low Poly Environment Park/Models/Environment/wooden table.fbx
  artifactKey: Guid(e4925266f9982a1429fe6760c4524c60) Importer(815301076,1909f56bfc062723c751e8b465ee728b)
Start importing Assets/Palmov Island/Low Poly Environment Park/Models/Environment/wooden table.fbx using Guid(e4925266f9982a1429fe6760c4524c60) Importer(815301076,1909f56bfc062723c751e8b465ee728b) (PreviewImporter) -> (artifact id: 'e15e882ca5b0500ec51992758f459873') in 0.0544126 seconds
Number of updated asset objects reloaded before import = 0Number of asset objects unloaded after import = 9

========================================================================
Received Import Request.
  Time since last request: 0.000053 seconds.
  path: Assets/Palmov Island/Low Poly Environment Park/Models/Environment/fountain 1.fbx
  artifactKey: Guid(18a639837c060634f83ee644df193c22) Importer(815301076,1909f56bfc062723c751e8b465ee728b)
Start importing Assets/Palmov Island/Low Poly Environment Park/Models/Environment/fountain 1.fbx using Guid(18a639837c060634f83ee644df193c22) Importer(815301076,1909f56bfc062723c751e8b465ee728b) (PreviewImporter) -> (artifact id: '94db936116059d5d3cb79d4c7bb243b7') in 0.0242696 seconds
Number of updated asset objects reloaded before import = 0Number of asset objects unloaded after import = 9

========================================================================
Received Import Request.
  Time since last request: 0.000053 seconds.
  path: Assets/Palmov Island/Low Poly Environment Park/Models/Environment/picnic bag.fbx
  artifactKey: Guid(a590a80bad6af8a4eaa19194133619d0) Importer(815301076,1909f56bfc062723c751e8b465ee728b)
Start importing Assets/Palmov Island/Low Poly Environment Park/Models/Environment/picnic bag.fbx using Guid(a590a80bad6af8a4eaa19194133619d0) Importer(815301076,1909f56bfc062723c751e8b465ee728b) (PreviewImporter) -> (artifact id: '80c369e5fa59a5f59f1350a358de9f57') in 0.0248074 seconds
Number of updated asset objects reloaded before import = 0Number of asset objects unloaded after import = 9

========================================================================
Received Import Request.
  Time since last request: 0.000056 seconds.
  path: Assets/Palmov Island/Low Poly Environment Park/Models/Environment/lamppost.fbx
  artifactKey: Guid(4ae667e39975ecc4fbd91f4115b24a45) Importer(815301076,1909f56bfc062723c751e8b465ee728b)
Start importing Assets/Palmov Island/Low Poly Environment Park/Models/Environment/lamppost.fbx using Guid(4ae667e39975ecc4fbd91f4115b24a45) Importer(815301076,1909f56bfc062723c751e8b465ee728b) (PreviewImporter) -> (artifact id: '01a742544ed12087973ccbe7726b9fa5') in 0.0227384 seconds
Number of updated asset objects reloaded before import = 0Number of asset objects unloaded after import = 9

========================================================================
Received Import Request.
  Time since last request: 0.000033 seconds.
  path: Assets/Palmov Island/Low Poly Environment Park/Models/Environment/bridge.fbx
  artifactKey: Guid(02a2f7ba4ef86f44fb59e378f566e68f) Importer(815301076,1909f56bfc062723c751e8b465ee728b)
Start importing Assets/Palmov Island/Low Poly Environment Park/Models/Environment/bridge.fbx using Guid(02a2f7ba4ef86f44fb59e378f566e68f) Importer(815301076,1909f56bfc062723c751e8b465ee728b) (PreviewImporter) -> (artifact id: '713d05c1c131d2bee18dd6756b99f233') in 0.0289596 seconds
Number of updated asset objects reloaded before import = 0Number of asset objects unloaded after import = 9

========================================================================
Received Import Request.
  Time since last request: 0.000044 seconds.
  path: Assets/Palmov Island/Low Poly Environment Park/Models/Environment/carpet red.fbx
  artifactKey: Guid(358b840743147954199e5da2c3d8d1b6) Importer(815301076,1909f56bfc062723c751e8b465ee728b)
Start importing Assets/Palmov Island/Low Poly Environment Park/Models/Environment/carpet red.fbx using Guid(358b840743147954199e5da2c3d8d1b6) Importer(815301076,1909f56bfc062723c751e8b465ee728b) (PreviewImporter) -> (artifact id: 'b6691583c85f8ca15b90740a7269e957') in 0.0262457 seconds
Number of updated asset objects reloaded before import = 0Number of asset objects unloaded after import = 9

Editor requested this worker to shutdown with reason: Scaling down because of idle timeout
AssetImportWorker is now disconnected from the server
Process exiting
Exiting without the bug reporter. Application will terminate with return code 0